post_id	preds
1	['qgwu9fsk', '8f83k2ce', 'bv7hvc1e', '8zufbeuz', '26kx1b0h']
2	['y8puocsa', '9l6yn8pe', '9kfs73sr', '47p4g80o', 'wubcq0xx']
3	['m3m2n3fw', 'vh3qs9xv', '2kd89h12', 'wbsl6n67', 'trrg1mnw']
4	['ru2ty1y9', 'wabd3b9z', '3digbnh6', 'jw42gokv', 'r4q0zqam']
5	['nzat41wu', '4sqjvr3y', 'i88ccp9w', 'x9veckdi', 'n0uy6hd2']
6	['hhy9g1yf', 'tuqmar6w', 'on53pegz', 'lae18d0l', 'llqpfhwg']
7	['rk9hsw2b', 'vda9s8lj', 's3vaa0yc', '5tdmh0ac', '2aoyzj2b']
8	['uuxo3jk9', 'e4xw6gyp', 'vf7xj5qt', 't9hbbqay', 'jgcv1wf3']
9	['atnxkvy6', '3ybiysp4', '611ih9pl', '46r46ja3', 'tc21pcjw']
10	['5z0xwlxp', 'a2voobqa', 'f96qs295', 'jjh1z5c6', 'uyb0of5p']
11	['auiod44t', '2zbm4iwn', 'dulkvri3', 'met50keb', 'dxb6ulf3']
12	['iu6epm2i', '4unn3fmu', 'yzn6jibu', 'yztfkwkc', '1xvj7xq7']
13	['t5sgguxr', 'gtp5daep', '376x58k1', 'bgljm9q2', 'idhbd102']
14	['geo7ac5i', '8rvhqd9b', '25aj8rj5', 'gk3wr6s1', 'roi3lta6']
15	['nbdk83ok', 'tnejo5wc', 'g05z8cux', '4rzttwyp', 'e6miaabh']
16	['v9366atg', 'u4ntxo0y', 'dyxfsojh', 'wt6azxc1', 'u99omznb']
17	['j99cgsjt', 'a17tumo7', 'bawgldfi', 'kokfufba', 'k5t5rjhe']
18	['1s8jzzwg', 'h7ftu3ax', 'y43prnko', 'w1bx4a7v', 'ropgq7tr']
19	['fff0swre', 'sv6rhlkb', 'lsfnkpcb', 'ncfvllzi', 'y0mbzzx0']
20	['1aqf98e0', '7zngkwoh', 'wn98fql3', 'dczcruim', 'cnmawglq']
21	['ykxr9q1j', 'l9lni5d3', 'pc2cnhjd', 'dgng39yd', 'od5nnxvg']
22	['5al7jmeb', '10l6kx3e', '2y6cmng5', 'am2rrgrb', 'dya40tln']
23	['z22g03v4', 'isxasd9b', '8f83k2ce', 'tdlcb9bf', '5o9bbspc']
24	['lrgmyfjs', 'flqdf8vd', 'wk61uyrt', 'dt7hip0z', '0ojzssli']
25	['uzry86hi', 'ezrarusj', 'y6reys3r', 'ikjfv4oh', 'wtenvb27']
26	['i0bc6k81', '7fyhx6c2', '8393t8xl', 'jtb71lfd', '8g8yc0tu']
27	['pxulu0hl', 'ud09l0la', 'a0q61mpi', 'unql24hw', 't4os33em']
28	['a0q61mpi', 'usyduiti', 'ordof7g5', '30pl5tx3', 'gjtefdxb']
29	['9iomlhpv', 'vprj63y2', 'wbix36hf', 'r4yukmwe', 'j1ucrhd7']
30	['w3u3vmd6', 'whkfvd7l', 'a702kkx0', 'fa05sovj', '6zjzy0ft']
31	['ix0xi5jb', '2xzntu5c', 'o6zww1rr', '5hxsagx6', 'sg1e404x']
32	['mt0c57cp', 'jjh1z5c6', '5z0xwlxp', 'gb1sk22m', '1s8jzzwg']
33	['7zngkwoh', 'upiu3e2d', 'iylmvmv3', 'fj6l76hq', '0vlh67jw']
34	['bh8zshy9', 'tljydrnu', '11xjl53c', 'psaq958v', 'gha1wg4w']
35	['7tp8z7n8', 'z6elaxpc', 'hnx213kp', '5nxcmedx', '08h4198w']
36	['tov6uq27', 't0s5ufzv', 'lfvvfzi5', '4ghn6zbd', 'm3m2n3fw']
37	['8l1vfsbc', 'z1l6oyjh', '7auhiq44', '8qml9rrb', 'efox6z5q']
38	['apfimvix', '2tax8ajw', 'eflyypev', 'tzp03hmr', 'ftq6ed38']
39	['6j45mmjh', 'leg5ntvu', 'n39y3kq2', 'bk3ss63e', 'cymppa7g']
40	['i6mdlf36', 'si5mxgrk', 'cj82xu0w', '3jgm3uhs', 'eje3i558']
41	['y0u00y67', 'dqlay9br', 'q3h8afld', 'qbj8n8h6', 'ryfz5xsj']
42	['l4y7v729', 'qi1henyy', '0imnd2q5', 'nv1w6juh', 'zycgczqy']
43	['52lf5gzr', 'djev6er7', 'ksf2tpdw', 'xmd8fh95', 'tloczjn5']
44	['lm73oj21', '7esjlc7i', 'fub50lvt', 'ultl3rpu', '0r580il2']
45	['726t123x', 'vrs88dcy', 'l2i3aa3k', 'vnta2gic', 'y2zcwcic']
46	['5zhjn3u2', 'la2wvnb0', 'np1y2fkt', 'r0nmq9ne', 'yx0u0iyw']
47	['8ubugbn3', 'ssicvtv0', 'xolflz8g', '859q36i1', 'jcueu1xh']
48	['ereh4ub8', '5vodag6c', 'nerxtetr', 'qhrwngde', 'xnrp2tpd']
49	['lehxgldu', 'bshcsfxr', 'jl8d9z43', '35fnrje0', 'zb7ge4b8']
50	['4hmecfi0', '6rpm4phy', '3jgm3uhs', 'w1azm2mc', 'h13p6ogs']
51	['hmkqnply', 'uj5deryi', '0pptqw7o', 'nvtoxzka', 'akbq0ogs']
52	['tuqmar6w', 'bn22k0p3', 'v3n2r4ia', 'htn03ms0', 'whj9jwwf']
53	['ftq6ed38', '5nr3j1ew', 'kt47i60w', 'apfimvix', '5iudn4kq']
54	['4ehxnzc7', '68d30i8k', 'ywi0a8s1', 'l07q84ni', 'cpqeo65g']
55	['vvmb92wo', 'wn98fql3', '2bupc5jh', 'fj6l76hq', '0vlh67jw']
56	['vc6j8ao2', 'ex3s7ytv', 'w3d33mq0', 'gtol0evh', '7ycaloeb']
57	['bvzi49hy', 'xe8t3uqp', 'u4ntxo0y', 'rhnr430g', 'ypmeh8y3']
58	['4ckob7b0', 'c3wkwn0u', 'ijp87jav', '4mlz5w0j', 'otcxz4kk']
59	['ezrmuw48', 'sjqt01gr', 'zqg1r6c8', 'cvouxqxy', 'vu7bq4b2']
60	['3mfwweyr', 'qlwergum', 'sjsaw6yv', 'cj82xu0w', 'zctjkag0']
61	['x4mgnhbg', 'qa1tbu6t', '7th3d6wk', '660gckc7', 'f2det6w2']
62	['25aj8rj5', '2jdlavwj', '00ugdhvf', 'io8mozoe', '0extp6r3']
63	['tdlcb9bf', '5o9bbspc', 'wtb51big', 'q8l3ra55', 'ktwazcrd']
64	['0z1gzsfh', '9f0bjknz', 'feecx1ig', '1xycng32', 'f6vau5s6']
65	['y8puocsa', 'wt6azxc1', 'q7pieq3w', 'apfimvix', 'eywnnzxe']
66	['uejtwgar', 'zt5alyy2', 'i95dnfw3', 'h00mbgsq', 'j1lhgciv']
67	['tstx42h7', 'qeubhfbc', '52lcpf0x', '7j7u4sv3', 'krh63hqp']
68	['wbsl6n67', 'go5tk6ni', 'txnegebz', '6fpw6y8t', '5detaogc']
69	['kayh0v56', 's8nx7wim', 'zew4tzy7', 'lpar7tc8', '38paoyuc']
70	['7f33cu6l', '4gxff3rd', 'pfh6nm9r', 'msovjuk4', 'stn5gl2b']
71	['ajzcx2rg', '41uuzzpg', 'i6qoo03c', '94w1sbsb', '3jgm3uhs']
72	['c2s2lxw9', '1itor6ic', 'n5qfwl57', 'h5xvrtfy', '0xzgktpd']
73	['qdmkx03t', '3tfof5nd', '7a543f7v', 'ypqusgs3', '8lnjbxe5']
74	['1vcc1khg', 'w3ls1d7w', 'dhd9e9bn', 'y43prnko', 'ropgq7tr']
75	['0bh8i14e', 'bzeqs5oh', 'uohbxoeb', '5dgggmv6', 'a40yhtqk']
76	['isivkz8b', 'cgc0v1dg', 'rkgrsiqf', 'z3ktkgyp', '164yx77a']
77	['qowp861l', '6cttilm8', '3njpm1gg', 'ki93iltt', '76aij6sx']
78	['5q8k71et', 'mjm2kap6', 'rlvfk8w8', 'h61b3bsm', 'akdg2ljo']
79	['y43prnko', '8je46886', '9gn4jcu9', '1s8jzzwg', 'x9sfgtim']
80	['7qxs79qy', 'd0tg9i90', 'edx9z9oi', '7f5nywod', 'jc26e39s']
81	['kgmugkmw', '7yocj24n', 'q3db7v16', 'h8ykn6ut', 'z5jbjx59']
82	['5xk20hs5', 'd0cd89hs', 'i0wbfhu0', '58r5wcwd', 'geo7ac5i']
83	['kvcx11yo', 'qgzc1moh', 'g3ny530a', '33znyrn8', 'uka69z83']
84	['ca3h96bx', 'r0taoqsw', 'wtxhbzr9', 'rr87vhd0', 'hi4a02kw']
85	['jfvq2gfx', 'gha1wg4w', '0i12e4tn', '6a6tyvtz', 'dljqpvyk']
86	['opjfy3xr', 'wq92nfnd', 'f96qs295', 'x9sfgtim', 'ropgq7tr']
87	['hlulg3wf', '2w80hys9', '660gckc7', 'wijqiktk', 'vu8hfm1g']
88	['1ef8ac5c', 'wjktna81', 'g15tvzn4', '0o3wjvpx', 'f2jzz41d']
89	['y6reys3r', 'suw0h7s3', 'b0545v23', '0ctlde8w', 'jk0ju2eb']
90	['b6bl0xrc', '92ezdiap', '630w2rtn', 'w3fxltzw', 'kk47kxwf']
91	['2zbm4iwn', '60sbhzfs', '8vnsrvws', 'tc21pcjw', 'ycklcks9']
92	['ge8o93rh', 't22hwoeb', 'gi3vfi68', '1w3x0g42', '06yuz5pn']
93	['eyxag4xd', '1aqf98e0', 'xpwv8xlv', 'dxrltm25', 'iylmvmv3']
94	['8gl323hs', 'bccrvapy', 'mo23hpe1', 'k5jkntul', 'a40yhtqk']
95	['1l4o9pko', 'aakzdkcj', '9wnkmn27', 'fub50lvt', 'l97yi8l9']
96	['ukdylwb7', '0oq0xmzr', 'bv7hvc1e', 'qgwu9fsk', '1b5hb0g9']
97	['8bihly91', '6t92yhti', '4vq9ljlg', 'pw51kd1r', 'bzn7wd36']
98	['dbxufi3m', 'yqx0xqz9', 'pmd1n2l1', '518rjfnc', 'krh63hqp']
99	['atloc9th', 'fq9g84wc', 'wuazkwsi', 'jjiiutd5', 'ue58uvot']
100	['9uxazk87', 'in69fhw9', '8x3lqokw', '3ncm8iwb', 'wnm89gfo']
101	['u95kg3m0', '4img2we6', 'nles7ymd', 'u07jsjmf', '8wqii0nd']
102	['aj885nl0', '2w6p6jji', 'hkk23tqt', 'z92xqedn', '8flh54lv']
103	['6y6e5qgj', 'xre1l41y', 'mqzus147', '6d5tp5hy', 'f296patc']
104	['0hbyplqq', 'l4y7v729', '0r0zdpds', 'tra5ewc5', 'qi1henyy']
105	['7qpwux9w', 'y047cuxp', 'wi1slkpf', '7xt894vr', 'a702kkx0']
106	['ajzcx2rg', 'y6zisciu', 'geo7ac5i', 'gtp5daep', 'bnrmh1qs']
107	['suw0h7s3', 'u5g1twfg', 'v34r4tix', 'jk0ju2eb', 'uqmblefe']
108	['hqapg5ow', '8ko7mmu3', 'ropgq7tr', 'x9sfgtim', '0imnd2q5']
109	['hgqohdct', 'iwc72ymq', 'grx4gx95', 'xmgi40hg', 'zaibt2fq']
110	['h2vct9h5', 'x1uc10m5', 'usi65ft4', '0retx7ty', '26ey3fm8']
111	['k2qertx2', 'ubhv7my6', 'cabmmgg6', 'mi6bdisx', '75cnqi4v']
112	['7fua7kgs', 'cvbxv7h7', 'v8ujnrbi', 'kyt14ufu', 'eo89w6qp']
113	['72f64kpf', '6rpm4phy', 'dyxyab5g', '7x9jzge5', 'sgwvid9l']
114	['8r8586br', '7j7u4sv3', 'ereh4ub8', 'yn7e3do9', 'ywne437k']
115	['y047cuxp', 'qfq1nfcn', 'y2zcwcic', 'xnrp2tpd', 'nle4axad']
116	['rc5d6wi3', 'o3cr0xvm', '1992wisb', '6mzqk12f', 'c4ihkcyr']
117	['8jxacsfr', 'btao9cun', 'kupt3km8', '41yfx1ev', 'bsf7arhl']
118	['jgs4jszx', 'opckeugf', 'lpoxaetv', 'feohcey3', 'sok0cyd3']
119	['iha9gjt4', 'dhd9e9bn', '9gn4jcu9', 'vkr0766i', 'y14lw5b2']
120	['n311ptne', 'q17jutw0', 'f0t6n2j1', '0j4z4ez7', '2tan64hc']
121	['zvmwubuk', 'zowgwnjq', 'jfuwelzt', 'kd3as3b9', 'gg5c8v7d']
122	['913sln1q', 'tki4l0gb', 'gat4jwsu', 'u20e82de', 'lf9i6x2i']
123	['8cvjsisw', 'ml27mexb', '9wnkmn27', 'wwjeu8ie', 'kc3nb2pc']
124	['m2bmp8s8', '8v9chk6j', 'oc7koh6s', '5wby3shp', 'szxz9jve']
125	['iz74o9de', '195h4ofw', '4pcv1i3i', '7lx4w75b', 'zoipx650']
126	['gw6qnwe3', 'pc2cnhjd', 's1ypdhzv', 'z7o5vt6p', 'ckorpogz']
127	['929rrh59', 'kt47i60w', '2rcngljf', 'fypodr9a', 'mmr04tsm']
128	['qj1v04cf', 'cd7cfpx3', 'm79zl7ka', 'aq8ckfv7', 'y6reys3r']
129	['o47v5vgw', '10l6kx3e', 'a66sszp2', 'o7ww2prj', '2146o727']
130	['aaznc5qi', 'tlfvjcy2', 'rdmmnnjd', 'p3cxk8gd', 'tgqcnfa0']
131	['qv6oxjwd', 'o7ww2prj', 'f0m3wuyj', 'cvkdpnn3', 'ax87r0bj']
132	['1otgdo19', 'sb5ce0g3', 'oo4zwcdb', 'gd19rkm2', '1ujphwmi']
133	['93amoypt', 'ntxufeg5', '79m3sdfe', 'gcr0i406', 'ju3d0xvy']
134	['wbsl6n67', 'trrg1mnw', 't2gxkxxd', 'gtp5daep', '376x58k1']
135	['gha1wg4w', '0n07fow0', '9jsx2z6e', 'eywnnzxe', 'os0sslxc']
136	['hfbi7sk5', '828s0mtz', 'r440fw19', '42i1i6br', 'zkb1zbvq']
137	['uohbxoeb', 'bzeqs5oh', 'a40yhtqk', '8cvjsisw', '7wsumadw']
138	['vww8d1ew', '3v8lijcn', '5azti19e', '35xqlryc', '38paoyuc']
139	['yy8mbw1a', 'ef4wyw2f', 'fynl88p5', 'lk2snptj', 'w6i72ivp']
140	['fynl88p5', 'dq6iyabh', '1ef8ac5c', '6ulvk9hv', 'jk0ju2eb']
141	['gttuxtw6', 'tvzn0112', '97vl2cfl', 'e85xdrcw', 'fgj2lvbg']
142	['rmyy6fni', '8hvgsico', 'ebfh83wh', 'fd4aag2t', '8pislcjr']
143	['spohl5ey', 'mqzus147', 'wq0mebm4', '6yio5mjl', 'wa4gt5sy']
144	['tra5ewc5', '844229sb', 'i1yf8fgk', 'v49l6txn', '9mn6trtn']
145	['vu1f1hp6', 'y77rbrnd', '8th933g4', 'msovjuk4', 'yjm6asp5']
146	['9wnkmn27', 'wubcq0xx', 'bvzi49hy', 'sjqt01gr', 'bh8zshy9']
147	['nz976qc6', '407va85q', 'lm73oj21', '9wnkmn27', 'iu5ndsxn']
148	['j2t0ofgt', 'p3yxqgpp', 'ml27mexb', 'wtovv1jy', 'xtnyad3j']
149	['jgq968f6', '5yscqct1', 'y7s6qt6j', '9169o29b', 'l9lni5d3']
150	['q5f98qzk', 'vm1o1cel', 'p6k449j5', 'mcw3ir3a', '6fpw6y8t']
151	['ynaxwnlp', 'xl0zb9zj', 'f1hdorp8', '3zdv9zim', 'f0kcf2y0']
152	['5zt4qx4q', 'flxbomsx', '9exmyy5a', 'wun5rwsk', 'jw6kh8os']
153	['wr4r7jd8', '7y6ok9a2', 'svi7syld', 'fq9g84wc', '7s79900j']
154	['o1eecluy', 'ef4wyw2f', 'fsid4a39', 'oh23px9c', 'yy8mbw1a']
155	['dcfqvp4p', 'n2kn7o67', 'wqicq5ry', '82afil03', 'c2manjgx']
156	['hfbi7sk5', '42i1i6br', '828s0mtz', 'r440fw19', 'yv16olzl']
157	['xnrb0byz', '8o2xddof', 'fub50lvt', 'nvbt5gxl', 'onlly1ga']
158	['nv1w6juh', '2bpyvgv7', 'a2voobqa', 'ximw03ej', '0mwz8kwo']
159	['bc8xa92n', 'mio282vy', 'mru0mcup', '1v8xf5uy', 'a9lw6vrs']
160	['ml27mexb', 'lm73oj21', '14alhxc3', 'aakzdkcj', 'nxu1xoax']
161	['2q6qmex3', 'ezrarusj', 'h4kc04w0', 'n9nu5n44', '925f5ucu']
162	['dsvmh7t6', 'e1mnj7bf', '7zdi0y2s', 'mdewdbqs', 'cnmawglq']
163	['6j45mmjh', 'cymppa7g', 'bk3ss63e', 'mjjjciff', 'o8aosx2q']
164	['aekhd3tb', '8czwuimt', 'wl2iuup5', 'ojr558x6', '4zxfghz3']
165	['yu8dkk5g', 'anu3pahh', 'gsgbhqwl', 'qlng0zvn', 'x4zzt9oe']
166	['6r1hy34r', 'ftq6ed38', 'qgzc1moh', 'f5twvg9g', '3jn7tdaj']
167	['mxbjpmll', 'w0ebmg16', '607lsqlg', 'y43prnko', '9eudsrjr']
168	['wzz5ioek', 'wi1slkpf', 'qgzc1moh', 'yrmeweat', 'gihjcu73']
169	['uxz185vr', 'ny7wkswf', '80cbwj3o', 'n2rec4i8', 'jrqlhjsm']
170	['4img2we6', 'u07jsjmf', 's1ypdhzv', 'a68y6qsf', 'u95kg3m0']
171	['6r1hy34r', '376x58k1', 'et1ekgdl', '0oxo2awm', 'xi3d70kq']
172	['wn98fql3', 'f96qs295', 'w2c01295', 'mnjy6bq2', 'umvrwgaw']
173	['eu2vjpw9', 'li8kvzdh', '6pn9jwfn', 'pjh2lr22', '3kde69wy']
174	['6a728le9', '0ul6k6uw', 'qgzc1moh', 'ls408b2b', 'keaxietu']
175	['gzk9xbzk', 'wr9ko6l5', 'iyi2fwhf', '1a1zb9p5', 'mfop9fne']
176	['wxor6kg3', 'n2wqalcu', 'vllhupzp', '43u5gs1k', 'wq3rlpo3']
177	['x1uc10m5', 'xcsl2evz', 'lnnsxwk2', 'yhap30qx', 'tl16qf33']
178	['yr27lnq8', 's01g5wxg', 'iz74o9de', 'eyhtf6mv', 'fcdwitxy']
179	['c7jhbxcb', 'krh63hqp', 'z5zchmxz', '19i9lknr', 'bsypo08l']
180	['5tpkcd5z', '20nozop1', 'j7vm8h9t', 'gtp5daep', '8xf8u6bg']
181	['geo7ac5i', 'rgmurgbf', 'mgtxchud', 'jo38hjqa', '7wu8bfo4']
182	['y0qrxya9', 'msg9j0lb', 'o21ncldx', 'yxe19kwe', 'uy1xibll']
183	['65ois1qn', 'hnx213kp', 'bn22k0p3', 'soybk2i2', '1nmzo9at']
184	['td8uwcas', '4iuxm6z2', '55gugbs8', '4gr6i8rf', '79xnx9gr']
185	['hert77y1', 'nxu1xoax', 'roe6g61u', 's0ca1r5s', '14alhxc3']
186	['8t5r7ts4', 'fofw6fmx', 'zouscolw', 'o4vvlmr4', 'qgzc1moh']
187	['4fzzoj14', 'z795y51f', '1s2kfzkn', 'trrg1mnw', '3sr2exq9']
188	['ba9uog5m', '2ehuuvnx', '33cmymur', 'rv2padg9', '35xqlryc']
189	['rpa2v44v', '8dobncuw', '7objlrqa', 's4xintwp', 'mjb3ip7a']
190	['ny7wkswf', 'rtus1qyw', 'uxz185vr', 'oz047qmf', '0g3pro4v']
191	['hqapg5ow', 'qsyqnwn5', '8ko7mmu3', 'rpwmcqbg', '844229sb']
192	['xre1l41y', 'gcsew8u3', 'v0y734lu', 'r9yzx0pk', 'j7ltjn4k']
193	['w1pv8dsg', 'y0mbzzx0', 'z2jtzsl6', 'vzloj6b3', 'l9u3c1dg']
194	['ronhrs29', 'bre2ijbb', 'iali360u', 'ktm0akxd', 'scw4p9wq']
195	['cfkh0ypy', 'h35we3mn', 'z3ktkgyp', '4vvuye8u', '1vyfy7i0']
196	['3yi44xfe', 'knlc3bxh', 'oh5wm5qc', 'hdk02l2r', 'j46bet38']
197	['cbhlzemx', 'aptnkqw5', 'hbkl5cam', '7z7zxcm2', 'f5p37j7g']
198	['gufhaylj', '7pqy0ejn', 'daj5g788', 'lbkjxws4', 'b5eve7re']
199	['4haf8aaw', 'ch7nna59', 'tvzn0112', 'gy0kfhy6', 'l4o7nicc']
200	['geo7ac5i', '5azti19e', 'nc0fbytt', 'xmd8fh95', 'eg5snpzs']
201	['ghhxxkkv', 'vjtwipu9', 'ckx305ue', '1ef8ac5c', 'ijoyk390']
202	['amw2c96l', 'rcb943w2', 'r7aqsyfl', 'qa1tbu6t', 'dkfohub3']
203	['aq6iypq1', 'xvphsdg7', 'fynl88p5', 'yn7e3do9', '6a728le9']
204	['t3dzso36', 'et3c99w0', 'hz5vigp0', 'rb20ge7e', 'q4zuslmp']
205	['9kfs73sr', 'gha1wg4w', '353wr671', 'ogchq8gz', '8th933g4']
206	['2f7wqamp', 'bmmdygbs', '2rx84imv', '607lsqlg', 'wdvuweiq']
207	['vp78d808', 'ujq9mxk7', '2u44c7oi', 'h8c8lc0a', 'rimct0c4']
208	['aqutzlx4', '5q8k71et', 'mg8uyeuh', 'o2824pp6', 'bfmcqcq1']
209	['utak6i4e', 'l57v4wnr', 'c9fg1ni6', 'g0wujywh', 'qqbe2bop']
210	['rr0v0ju1', '4hmecfi0', '00xuw5j9', '48ay8yl3', 'u3ympejy']
211	['tu1vevx9', '9rhydy8u', 'dlpgq0rm', 'mo4luyx6', 'go0tueah']
212	['wigakw9h', 'd4upbc3v', 'ot1uz6vc', 'aekhd3tb', 'mm2aotem']
213	['tgqcnfa0', 'rdmmnnjd', 'tlfvjcy2', 'jm4dmnxz', 'aaznc5qi']
214	['37gpov43', '8h0yfvf8', 'x64zft78', 'rwevmwcr', 'c8sthkc6']
215	['nli8ccyv', '0g3pro4v', 'rtus1qyw', 'dyrn6z9a', 'l6ksaaaj']
216	['u5nxm9tu', '25aj8rj5', '0ml57rhr', '5nue46dm', 'hah9mrnh']
217	['svsib7yj', 'qw2ct68h', 'hay91kuq', 'ikymdtcg', 'lnls2mhg']
218	['h82r1ttc', 'cwreauh8', 'bjycvoxw', 'ut4d68ti', 'atd6bg76']
219	['4yi9iup2', '7wz030vg', 'yjsxen4d', 'vegaicq8', 'duqgd4gs']
220	['1xycng32', '8of3u2sc', '3yi44xfe', 'lzwgyzdp', 'sz5fr79q']
221	['1ucs8zu1', 'g17lp8ch', 'wuazkwsi', 'hqapg5ow', 'c59vfq1o']
222	['toj6eqs2', 'agpuilt2', 'vnta2gic', '6fpw6y8t', 'hs9vv2gh']
223	['5a5a8ifz', 'obhm5mc5', 'ypls4zau', 'u5rbvc3i', 'ag5coipu']
224	['lt1pstm2', 'ls408b2b', 'tgrh7ap4', 'o4vvlmr4', 'trrg1mnw']
225	['wdfzrzkt', 'foy3dsq4', '0iqdqcp6', 'j7vm8h9t', 'r1tl2hrk']
226	['qlwergum', 'fmwb9abq', 'w0vjyycy', 'ur3qbq7t', 'dptapovm']
227	['36flecmg', 'y12veqre', 'pzqmg22v', 'zoipx650', 'eyhtf6mv']
228	['uxz185vr', 'ny7wkswf', 'nksd3wuw', 'jrqlhjsm', 'n2rec4i8']
229	['fkbup9qh', 'wpuujmjx', '227l4bzl', 'ypxur24q', 'sdsmy0bw']
230	['aakzdkcj', 'sygm6irl', '1l4o9pko', 'dqhdws5k', 'iu5ndsxn']
231	['fj6l76hq', 'x9sfgtim', 'ropgq7tr', 'dxrltm25', 'xtmn1n0r']
232	['egn81atf', '0n07fow0', 'vmizkujc', 'akbq0ogs', 'g2wpw330']
233	['vvuaegse', 'io8mozoe', 'mc77aqbq', 'byh09alo', 'asrkuts7']
234	['us518bwp', 'lbkjxws4', 'i99lqr0p', 'ko42qlzr', 'sykjpaz2']
235	['u4doukk7', '6t92yhti', '3p8rdaoj', '1fr7j93h', 'xzuynia2']
236	['5i0m18nt', 'rqnvo9t2', '0klbjvrj', 'l07q84ni', 'n2ih64pz']
237	['eeev3k9x', 'ny6zepe9', '8hz4go45', 's2jop0z4', '8i9xwogu']
238	['8ko7mmu3', 'w1bx4a7v', 'usyduiti', 'hqapg5ow', 'ra2njvcz']
239	['geo7ac5i', 'lz8b60ew', 'jc5ik84m', 'tq8jpmin', 'wd13eb5s']
240	['2xzntu5c', '8pislcjr', '5ik10en4', 'jgbwd3ib', 'ix0xi5jb']
241	['6sgeraws', 'cgxs9uam', '4cy3er3y', '2b2evno8', 'yy8mbw1a']
242	['mnjy6bq2', '0vlh67jw', 'dxrltm25', 'wn98fql3', '607lsqlg']
243	['zj0yxy2z', '0jm3j3vc', 'aodb3j1y', 'wrzmgnrb', '2veblo5v']
244	['xokujzbl', '93y40vnp', '06fwhyac', 'mzekhyu0', 'l9lj98b1']
245	['x9veckdi', 'i88ccp9w', 'n0uy6hd2', '2qksxqmb', '0hhdwq68']
246	['6rpm4phy', 'su028g3j', '52lf5gzr', 's9lkvzpo', 'dljqpvyk']
247	['ropgq7tr', 'u8mu4yga', 'x9sfgtim', 'xtmn1n0r', 'gin90aef']
248	['l97yi8l9', 'ivy95jpw', 'nvbt5gxl', 'lm73oj21', '9wnkmn27']
249	['t9hbbqay', 'vf7xj5qt', 'uuxo3jk9', 'jnwuu08w', '5nr3j1ew']
250	['zp3efdn7', '8uomx7hu', 'jki3gdxl', 'est5jx7g', '2kd89h12']
251	['mxg2q1vd', 'f5d8fazm', 'jlnc3u6q', 'c2manjgx', 'btao9cun']
252	['osct0lj6', 'a66sszp2', 'l4o7nicc', 'ixvtt3g8', 'grx4gx95']
253	['52lcpf0x', '3jgm3uhs', 'ty41xob0', 'ec6ov0jw', '3eu5n942']
254	['7n6pva1l', 'fpexa30s', '1peg3502', 'tvhn7lnu', '39zvwm0s']
255	['wdfzrzkt', 'foy3dsq4', '0iqdqcp6', 'sfm82h0g', 'o78vcy90']
256	['opjfy3xr', 'fe456in0', 'wq92nfnd', '6vqf2n5j', 'ex6dyr77']
257	['ea78sjcs', 'b4dz1lnn', '1ma4hp52', 'flxbomsx', 'w1azm2mc']
258	['ai60maqz', '27thc6m4', 't0iw2vod', '4p6fcy8f', 'l2i3aa3k']
259	['n1q1wr9s', 'j7ltjn4k', 'ppuki7qn', 'vqlnd5rx', 'umg0ms2i']
260	['v1ei9im8', 'ncayc5zj', 'f0kcf2y0', 'pindjvhk', 'zq9ehv7a']
261	['lf6fprh0', 'g4i4hkhz', 'ogchq8gz', '353wr671', '12yshnt5']
262	['mup5hr7e', '7aaiyppx', '4img2we6', '8vk15klh', 'u95kg3m0']
263	['ghabnnv0', 'xtnyad3j', '6ulvk9hv', 'e4y6l4lx', '1cvpw5hp']
264	['54fmvcl5', 'm2id6kxw', 'bvzi49hy', 'fa05sovj', '6zjzy0ft']
265	['0rrhiw9m', '105ezycx', 'bf42staf', 'poh3te9j', 'kd7s0mqd']
266	['6gcgzx36', 'wbsl6n67', 'cmc02ybp', 'xuqkhpn7', 'ssicvtv0']
267	['xeb14weg', '4socpj73', 'f2ypnls4', 'cjfn4dna', 'cgl7ne0v']
268	['lm73oj21', 'nz976qc6', '1l4o9pko', 'vrjibtfi', '28lojtvu']
269	['agsu4ptu', '3jrb0sn8', 'toj6eqs2', 'unql24hw', 'hg0lyy93']
270	['ml27mexb', '1l4o9pko', '9wnkmn27', 'aakzdkcj', 'qeqd4soe']
271	['fj6l76hq', '8ko7mmu3', 'ef3warsh', '7zngkwoh', 'gin90aef']
272	['5tdmh0ac', '2aoyzj2b', '9zco6ofx', 'dz6nv7h1', 'w04z2f0q']
273	['cn1yfjwp', 'ax87r0bj', 'q7pieq3w', 'gruir7aw', 'sy8sloqo']
274	['30pl5tx3', 'qi1henyy', '0imnd2q5', '9b6cepf4', 'jjh1z5c6']
275	['fynl88p5', '9wkqqm4z', 'cs2mgj70', '5fk4eyte', '2damkjcs']
276	['nxu1xoax', 'onlly1ga', 'aakzdkcj', '1l4o9pko', 'fien6nra']
277	['o1xkgkn1', 'aakzdkcj', 'm0598zrc', '1l4o9pko', 'iu5ndsxn']
278	['u0jddsup', 'o476dtgd', 'hn6clwoj', 'te0v91nr', '104lecie']
279	['oi8epg9m', 'nvbt5gxl', 'lm73oj21', 'fub50lvt', 'onlly1ga']
280	['gruir7aw', 'lnnsxwk2', 'tl16qf33', 'ccxnsmia', 'eecwjrdc']
281	['in69fhw9', 'ogchq8gz', 'gi21di4d', '353wr671', '855atuue']
282	['hdk02l2r', 'geo7ac5i', 'vh3qs9xv', 'roi3lta6', '58r5wcwd']
283	['mx30g5w8', 'dljqpvyk', 'rlo0sub7', 'bti9aw8g', 'kdxoyvsv']
284	['u2kjft6q', '500ypv61', 'g2nhydu6', 'vmizkujc', 'l57v4wnr']
285	['c00jgkpg', 'y88khz62', 'qa6za0yf', 't1rtrbtd', 'liip39ku']
286	['6274gicp', '6ajmuuld', '7iuls8x1', 'hapw6lv9', '75cnqi4v']
287	['qpgvrtee', '54743usk', 'cmc02ybp', 'bo6kbb6k', 't1mbyvs0']
288	['o6dd2vu1', 'mkgszhkk', 'v49l6txn', '8hchfgx6', 'uhkff67h']
289	['lty6oq3d', '5aev7ltr', 'bv7hvc1e', '3g8asqkb', 'j0bu0upi']
290	['t1vom8f3', 'kjf63oug', 'hvp47bm2', 'q8l3ra55', 'p0jht22m']
291	['aqcllik0', '914oafkn', 'cmc4ocay', 'nj1p4ehx', 'jo489zm2']
292	['pw51kd1r', 'y2ezdqhr', '8d6vcqr3', 'w0e2expw', 'g74tfml0']
293	['f3mvdpq1', 'sgo76prc', 'ngpl6xs1', '55gugbs8', 'hws1e4tv']
294	['gufhaylj', 'toy8i1lm', 'tz2d3lff', 'qlwergum', '167f4gyg']
295	['mjb3ip7a', 'uohbxoeb', 'hn6clwoj', 'a40yhtqk', 'u0jddsup']
296	['dlwwcryb', 'myqli11j', 'keaxietu', 'hzbtd39j', 'toixg0hy']
297	['yfoqy2id', 'bk6ext3e', '3xzgv370', 'hii4smax', 'tah4bpj1']
298	['uohbxoeb', 'a40yhtqk', 'u0jddsup', 'pa000mr8', 'mjb3ip7a']
299	['0cazn46i', '7tp8z7n8', 'l6lhmb4j', 'ltga2btq', 'lvvw1npq']
300	['mnjy6bq2', 'wn98fql3', '2rx84imv', '2f7wqamp', 'knbngla3']
301	['y43prnko', 'cnmawglq', 'ropgq7tr', 'dhd9e9bn', 'x9sfgtim']
302	['0oxo2awm', 'z22g03v4', 'sm0112e3', 'xshqu7qm', 'pi1yzeqg']
303	['yoiq6cgt', 'gunn55f9', '7kxi7px1', '4aps0kvp', 'yztfkwkc']
304	['stn5gl2b', 'y1nrc138', 'ngpl6xs1', 'f95ext4b', 'zq4ty9rw']
305	['ifovibzi', 'mfpgbqc8', 'eoumpu50', '1ef8ac5c', '6a728le9']
306	['qpzg8lam', 'w3fxltzw', 'lzwgyzdp', '7fapl71l', 'nb27fn2z']
307	['msut5gyc', '9eu792zu', 'jk5tczo0', 'e8fhlo37', '43eh69dx']
308	['c7jhbxcb', 'b4dz1lnn', 'l5kr2dw8', '5g70w76j', 'b8ipstv2']
309	['pzqmg22v', '36flecmg', 'iz74o9de', '5nsayxwc', 'yr27lnq8']
310	['ir874dkj', 'jqwoxfsc', '6buxpp8x', 'jk0ju2eb', '6r1hy34r']
311	['ivxvry3u', '19d29mnp', 'p37dnoj8', 'dqlwamhq', 'rn8eezep']
312	['8hkxbxz9', 'clzxo1ly', '42wcyjuk', 'knlc3bxh', 'hzbtd39j']
313	['me08w1ir', 'f3mvdpq1', 'ngpl6xs1', 'sgo76prc', '82hqy612']
314	['ck338ifc', 'wun5rwsk', 'kt1az1pf', 'r5nzz1j0', 'cj82xu0w']
315	['2tax8ajw', 'nlnkgkjo', 'tzp03hmr', 'tf5a48i2', 'jfpa3rih']
316	['z3ock8ar', 'tc6btsdu', 'fnojlsnj', '1zbsbcdd', 'o7ww2prj']
317	['eztw9tx6', 'iatmjkzk', 'ksjkypzx', 'p1ayih2z', '1n0qw2a5']
318	['ckswlo9o', 'n9aqux5a', '9f0bjknz', '79xnx9gr', 'ltga2btq']
319	['uyb0of5p', '5z0xwlxp', '4uieqidm', 'zl4ixyg1', '1s8jzzwg']
320	['tf5a48i2', 'pmd78j61', 'a3i3t6od', '5nyc1cn5', 'spohl5ey']
321	['xqpsdc8u', 'xe8t3uqp', 'yaedocvp', 'rwk954dx', 'su028g3j']
322	['fqk8rmiy', 'pbhvq1nh', 'h2h4bnd5', '8acldtv2', 'olhgu24h']
323	['4vkkaqhz', '5nr3j1ew', '5iudn4kq', '6crputzl', 'ftq6ed38']
324	['5kz2s7ag', 'eomtjrgc', 'dyb4bl65', 'ppuki7qn', 'j7ltjn4k']
325	['e3dh0huv', 'g4250q6l', 't46giw1h', 'hfhjjwbl', 'kojb8efv']
326	['2my9o9fy', '2cwvga0k', '0o3wjvpx', 'lxqne4rp', '83lgqe5c']
327	['yt2fp8zl', 'mm2aotem', 'hgcsfxwo', 'dksw5yzp', 'ofw7lnr5']
328	['nsflghc5', 'brt4zrhe', 'av3sm2kb', '3yi44xfe', 'keaxietu']
329	['x14iywtr', '2jwuzfan', '2tax8ajw', 'oe4bzale', 'q44yuued']
330	['3iz0ozpx', 'urazxa6x', 'yxe19kwe', 's9b631ee', '3p2cuxk0']
331	['yhyeywvc', '3xvphg52', 'gkf3wez8', '10dkpj5h', '2lap3xy0']
332	['a40yhtqk', '675v58x8', 'oud5ioks', 'te0v91nr', 'pa000mr8']
333	['hqod7v2l', 'ciwozpc0', 'wa4gt5sy', 'bdb9g77g', 'wdtrpnkn']
334	['jgcv1wf3', 'hunepli1', 'mgtxchud', 'kt47i60w', '72jwlfqr']
335	['iuy5a0bk', 'fz8ohqcb', '6gb1za5h', 'u5iqcw74', '9h74xlvv']
336	['7ruoysxu', 'g17lp8ch', 'yrowv62k', '0r0zdpds', 'mcmqx7og']
337	['ax3e82js', '0r580il2', 'r76tqrwz', '1l4o9pko', '9wnkmn27']
338	['ocguwlam', 'u1s6ciy4', '16snmor9', 's4xintwp', '9n7a9g78']
339	['w0ebmg16', '5z0xwlxp', 'f96qs295', 'wn98fql3', '1s8jzzwg']
340	['doi8buyw', 't019zx7q', 'ay7gv9lv', 'q04yqjfe', 'lh82rl24']
341	['9169o29b', 'lavcsqov', 'm26sn2qg', 'ax87r0bj', 'gzk9xbzk']
342	['djev6er7', 'f60z8jo2', 'ksf2tpdw', 'li5cw8xx', 'f6i46t3h']
343	['1uabldiq', '9uxazk87', 'dkfohub3', 'ssdqobqb', 'rcb943w2']
344	['w3jyovd2', 'vkbsxz7r', 'idhbd102', '9183740p', 'rnkti5s2']
345	['19768np3', 'lhvgsmgf', '8vx56qlk', 'vpoqfm7d', '97msfh4l']
346	['944pn0k9', 'l4o7nicc', '5y6gjl2t', 'grx4gx95', 'tm9jb7bq']
347	['ooy5nf1d', 'wwjeu8ie', 'qeqd4soe', 'gbpfypmn', 'qxtcbksp']
348	['0iqdqcp6', 'd78zcfls', 'wxor6kg3', 'd0lulco7', 'park7t3g']
349	['n2wqalcu', '41uuzzpg', 'lkrh3svp', 'wxor6kg3', 'fm9mdllg']
350	['ropgq7tr', 'x9sfgtim', 'i1yf8fgk', '0hbyplqq', '1zuhilmu']
351	['h1mo3bs8', 'hpj8gb4o', 'j0sr3ifq', 'tki4l0gb', 'zouscolw']
352	['nz976qc6', 'iali360u', 'fub50lvt', 'onlly1ga', 'lm73oj21']
353	['sm0112e3', 'u31ixcwa', '2qwk2z22', 'iz74o9de', 'z22g03v4']
354	['ximw03ej', 'eay6qfhz', 'w1bx4a7v', 't0iw2vod', 'usyduiti']
355	['uzc6r1jr', 'lnnsxwk2', 'u3ympejy', 'tl16qf33', 'ccxnsmia']
356	['u20e82de', '4yp4beuh', 'zkdk2v5e', 'v72mveyu', 'wzfvqj6m']
357	['f0wpsaip', 'ls408b2b', '7j7u4sv3', 'm3m2n3fw', 'hsm75cww']
358	['hunepli1', '8vx56qlk', '8qdcls1k', 'rcrok8lr', 'xmjj1s5s']
359	['cfbj6ize', 'c5fn8t7f', 'xj1nw76b', 'q93luiw2', 'z218oii3']
360	['lq1qndxg', 'y04dub8o', 'b5eve7re', 'kutc6ts0', 'r5v2gi3v']
361	['gi3vfi68', '33znyrn8', 'hb3wcm04', 'trrg1mnw', 'vjtwipu9']
362	['pq6c0zia', 'qxy2p79x', 'y3c478hf', 'to2wxs8m', 'fsl4veps']
363	['1nqbqmum', 'gbf8beq4', '089b1z4b', 'xli7wyg4', 'kjr6dcqv']
364	['e0pz0z4j', 'y12veqre', '36flecmg', '6buxpp8x', '0ojzssli']
365	['ck338ifc', 'td8uwcas', 't7a9edv3', 'rnfh9v1h', '5w4cc534']
366	['dt2pew66', 'hl956i02', 'wn98fql3', '8je46886', 'xtmn1n0r']
367	['iy8pp5ey', 'byrpj1g2', '0shy9q2l', 'wuojo19n', '0i12e4tn']
368	['geo7ac5i', 'gtp5daep', 'k6cumncp', 'btao9cun', 'fteydbm8']
369	['t7xaqtgo', '6a1fl65b', 'cq5z8lqu', 'zdfx3zo3', 'd6a6nagk']
370	['dvpqkmnh', '77bq8tdy', 'rcdoewwv', 'sy8sloqo', 'bturl9cx']
371	['o877uul1', 'o47v5vgw', 'tl16qf33', 'pwvcwlh8', 'nro623aa']
372	['3jolt83r', '79sbtnhu', 'zwil22bs', 'cb3u1s7s', 't2gxkxxd']
373	['yrowv62k', 'xtraspw2', 'f80cfjrn', 'f3swmk24', 'ximw03ej']
374	['mqnqjn0c', 'o7ww2prj', '2d2y5gmg', 'jk0ju2eb', '3eu5n942']
375	['8rgpr2lo', 'zjyszmfh', 'v9fz02es', 'ohkweon9', 'xwax7o13']
376	['76aij6sx', '7wz030vg', '4qp083h4', 'yjsxen4d', 'riltam7g']
377	['v10454ns', 'td3drkgw', 'ipsjsf0y', 'lsfnkpcb', 'dx2cx9lx']
378	['8hkxbxz9', '7j7u4sv3', 'a3efmczu', '2fokjcjr', 'm41w2007']
379	['01q4pu9k', 's9lkvzpo', 'lzsbte0j', 'y4m987yn', 'pa81t00f']
380	['cvxni7cd', 'cs2mgj70', 'o4vvlmr4', 'io8mozoe', '80cbwj3o']
381	['pvrp8u8n', '6sy80720', '87v7i620', 'njcrqfdr', '6r1hy34r']
382	['71x3b75z', 'l6ksaaaj', 'ozmgm5bx', '0ml57rhr', 'is9a77dk']
383	['b31ctbat', '74070a3z', '38d6gb7o', 'vadaxbsr', 's7sq53zy']
384	['atwx0a2s', 'f96qs295', 'vgmzb03s', '5vodag6c', 'm6eotnko']
385	['06fhiu9q', '2r0a357c', 'ldqy66uh', 'av3sm2kb', 'slzh6uay']
386	['vw8a1994', 'kxx3szjq', 'zouscolw', 'fofw6fmx', '8pislcjr']
387	['q41elfwt', 'w5rk8luy', 't5p6z0wv', '00ugdhvf', 'f17f50ob']
388	['vndj6f7w', '1m1hi735', 'em2uatlm', 'wp3rwdum', '5c8im9ci']
389	['gufhaylj', 'h2sryzwn', 'lq580iwg', '7b570emm', 'ck338ifc']
390	['6hkqe14l', '0o3wjvpx', 'wtqwghon', 'fynl88p5', 'g15tvzn4']
391	['l72grjbg', 'hxpqexi1', 'zelsywyu', '4iuxm6z2', 'eywnnzxe']
392	['35meen0h', '93b2ivio', 'o29hjkca', 'q9bwvh0t', 'jfvq2gfx']
393	['ql9cfh1j', 'cn0hqvsz', 'w5rk8luy', '2x2n8blg', 'bns5eb1t']
394	['ktv6fk7q', 'rnq3k34m', 'n1ht2eb1', 'e9m31jyc', 'svl5ks44']
395	['5xki1ulf', '4pgish5x', 'mq4elsnc', 'okfsy72o', '8l1vfsbc']
396	['gpbcwdz0', 'ujq9mxk7', 'q7pieq3w', 'myqli11j', 'n040i865']
397	['xtmn1n0r', 'x9sfgtim', 'ropgq7tr', 'fj6l76hq', '1vcc1khg']
398	['t3vuwghp', 'bb6lv6yg', 'hpbcwiwf', 'm6eotnko', 'nlnkgkjo']
399	['u4ntxo0y', 'u99omznb', 'ypmeh8y3', 'dljqpvyk', 'n4qil86v']
400	['bccrvapy', 'iab4qya4', '8gl323hs', 'ktm0akxd', '80cbwj3o']
401	['qeqd4soe', 'onlly1ga', '8gl323hs', '9wnkmn27', '0oxo2awm']
402	['c4m63cr3', 'a3fvifax', 'tv014ubp', 'ee8bzn2l', 'rcp6xlpg']
403	['hsimf7wt', '3jfok14h', 'tq8jpmin', 'pwb7rw89', 'b6lq0aue']
404	['jyxrk9bz', 'l9lj98b1', 'bgsbbszf', '93y40vnp', 'wrnooffp']
405	['vqswp96l', 'prn7t499', 'hhswage4', 'r0pzpont', 'asrkuts7']
406	['0clp6zt6', 'w1bx4a7v', 'jjh1z5c6', '0cnjtxyq', 'y43prnko']
407	['itxde5mw', '9gn4jcu9', 'zue5hnal', 'v49l6txn', '844229sb']
408	['9anlwi27', '1ma4hp52', 'pxpghfhq', 'vs6ev73e', 'h0q93in1']
409	['uxz185vr', 'ny7wkswf', 'nksd3wuw', 'gtbegs4r', '5hxsagx6']
410	['wgfdd3lm', '54aruvbf', 'qdmkx03t', 'zq4ty9rw', '3tfof5nd']
411	['5t4twnpm', 'iff8cuum', '4mat0psy', 'jjgfgqwg', '6hl6rtsh']
412	['pq75mafr', 'e85xdrcw', 'a94at9dk', 'xchvlphf', 'wtdzad90']
413	['mkgszhkk', 'fj6l76hq', '844229sb', '30pl5tx3', 'wn98fql3']
414	['tij7lakb', '23n5r8qj', '929rrh59', 'rc5d6wi3', '8p0xdqba']
415	['1ujphwmi', 'uef0bbh7', 'sb5ce0g3', 'nro623aa', '0zu7r722']
416	['usyduiti', 'eay6qfhz', 't0iw2vod', 'w1bx4a7v', 'nr0fu2qb']
417	['tvzn0112', 'iobpcfs5', 'e85xdrcw', '4haf8aaw', 'gy0kfhy6']
418	['8g2mr8o1', 'szekvw7e', '58r5wcwd', 'roi3lta6', 'wbsl6n67']
419	['geo7ac5i', '25aj8rj5', '58r5wcwd', 'btao9cun', 'roi3lta6']
420	['pa000mr8', 'n1ht2eb1', 't5sgguxr', '35yl70z8', 'mio282vy']
421	['cr2cute3', 'vszrekp9', 'leg5ntvu', '1syeo6ff', 'lpqdnuil']
422	['iu1d9i57', 'y43prnko', '2tre0wat', 'ximw03ej', 'ropgq7tr']
423	['f6i46t3h', 'ypqusgs3', '3tfof5nd', 'lv5s1bko', 'djev6er7']
424	['gof2of9o', 'nhkd88yv', '2ui7z8wi', '39zvwm0s', '1vyfy7i0']
425	['myqli11j', 'zz4cczuj', 'mt8h4rk5', '7z7zxcm2', 'xuiswu2l']
426	['9a27s0zn', 'oeudi6lr', 'ay69e8ad', 'cfi5zhgu', '6ctrrvi9']
427	['kp4j9snc', 'hltkddac', '2mtuw7gb', 'lcqxrcji', '49ejyfie']
428	['bnhwbaqj', '79xnx9gr', '8th933g4', 'xj65j05e', '6vqf2n5j']
429	['9phgag8q', '69ly7gp4', '4tp99v4i', 'akdg2ljo', '9adtbwp2']
430	['1gv3t5t0', 'ztxfa5b8', 'pxo5uh4w', '2dixw8up', 'ssdqobqb']
431	['onlly1ga', '1l4o9pko', 'aakzdkcj', 'ml27mexb', 'lm73oj21']
432	['2dvljm27', 'nbn44sxq', '7vadpp3d', 'u8ptvem7', 'bgn6zrer']
433	['atloc9th', 'c59vfq1o', 'fq9g84wc', '7y6ok9a2', 'rjelshrp']
434	['hp62t734', 'ebgu29uh', '8vx56qlk', 'v5yny0dw', 'in69fhw9']
435	['9qklnvyl', 'ekej22k3', 'gxvaric3', '3ehm118t', 'tcaglk0u']
436	['wn98fql3', 'qi1henyy', 'umvrwgaw', 'ohkki0ke', 'h2sza0if']
437	['844229sb', 'xtmn1n0r', 'v49l6txn', 'h7ftu3ax', 'wn98fql3']
438	['1cvpw5hp', 'h2u5w4a8', 'fteydbm8', 'ua7hsfma', '8gogju5n']
439	['fk16k9ts', 'w62rqn2p', 'g914ir8h', 'xkmy79p9', 'v1egyqt4']
440	['zjujs11q', 'qgxo9cr7', 'xqpsdc8u', 'ct4licep', 'q473xazz']
441	['auvehdq5', 'lxdcelk1', '5g70w76j', 'y6zisciu', 'pvrp8u8n']
442	['8r6hln9b', 'q7pieq3w', 'jzm6nc41', '5yscqct1', '9xxv8a2d']
443	['apfimvix', '20xgqvxc', 'jgcv1wf3', 'kt47i60w', '3wjmmr6i']
444	['eu2vjpw9', '5zp3p2g3', 'li8kvzdh', 'soa71kwx', 'o8lasxcb']
445	['d7024aia', 'entkqcn3', 'rytw6rfd', 'z5rwznmv', '1mx3jrup']
446	['35nshnn2', '5zaw2iot', '4iuxm6z2', 'gufhaylj', '8yg1d3ft']
447	['wehqqbjx', 'wijqiktk', 'hzn3qus3', 'gbgcfa2o', 'oi8epg9m']
448	['6a728le9', 'qbj8n8h6', '6j45mmjh', 'gtp01rna', 'ilnudz0g']
449	['n5ogyxz7', 'm847xdzk', 'zu5mg2im', 'yr27lnq8', 'k2f667sc']
450	['wt471v5k', '9enbrd6h', 'rcb943w2', 'f72i7wxu', 'ltga2btq']
451	['eyhgtpe0', 'dnrzk9tk', 'x7qlnugx', 'uxz185vr', '7f5nywod']
452	['usyduiti', '30pl5tx3', 'ohkki0ke', 'iu4p5k0w', '92z77upt']
453	['6hl6rtsh', '121p2shq', '4bbngq0z', 'li8kvzdh', 'c5be70t6']
454	['hnx43l5c', 'ruewzstg', '08h4198w', 'r0nmq9ne', '29z4q4fs']
455	['5i0m18nt', 'c6svgwoj', 'u3ihnglr', '9th9mm7e', 'omk29wlq']
456	['9kq9o5wp', 'gha1wg4w', 'ub7ilx98', 'b0wy5zz4', 'c6p7hgh4']
457	['qgwu9fsk', 'bv7hvc1e', '550ik6bk', 'lty6oq3d', 'g7d2fi5o']
458	['mu2vqjnv', 'mcw3ir3a', 'cr2cute3', 'cymppa7g', 'bk3ss63e']
459	['d4upbc3v', 'ckorpogz', 'cmp1bvhd', '5xk20hs5', 'tov6uq27']
460	['b80todl7', 'gme1zk3n', 'tz48uje3', '1bp33rmc', 'x6sdpk6v']
461	['ftq6ed38', '5azti19e', 'f5twvg9g', '3jn7tdaj', 'k6cumncp']
462	['9rczqcaz', '34hbc1w9', 'fq9wx29o', 'mkl7rvr6', 'gqww6dfm']
463	['svi7syld', 'sxi0tpsf', 'fq9g84wc', 'hl956i02', '86gqxajw']
464	['g4i4hkhz', '12yshnt5', '855atuue', '353wr671', 'ydv0hc0m']
465	['tij7lakb', '23n5r8qj', '8p0xdqba', '929rrh59', 'hh643w7m']
466	['fub50lvt', 'aakzdkcj', 'nxu1xoax', '1l4o9pko', 'iu5ndsxn']
467	['54fmvcl5', '6zjzy0ft', 'm2id6kxw', 'mo3y3mau', 'ju87prqm']
468	['ledopkwj', 'l346qqwp', 't3givxiy', 'xwghd9ut', 'w7wdq05u']
469	['s1qnjgev', 'j4hnitqx', 'yhmcx7ae', 'f15foaf2', 'cpuyh6q8']
470	['iali360u', '65gedo6u', 'r76tqrwz', 'dqhdws5k', 'q8l3ra55']
471	['od5nnxvg', 'dq3qunwe', 'pc2cnhjd', '5zn5mgi9', '4p6fcy8f']
472	['c59vfq1o', '9169o29b', 'dgng39yd', 'olhgu24h', '11bh9v5i']
473	['99ln2zzs', 'd0tg9i90', 'd477d5e8', 'h61b3bsm', '1diftm9p']
474	['j67qgjbj', 'r5eve0bl', 'sts48u9i', 't6rxsiat', 'myqli11j']
475	['n2wqalcu', '0vy5yifk', '10lun7te', 'wcmxmahq', 'tnejo5wc']
476	['57z0g4mq', '2t1zzigc', '94lc85q5', 'cj82xu0w', '0si51n85']
477	['6e444g2z', 'muiasgwn', 'nvqv99ak', '2rqouaol', 'asygd3yx']
478	['pq3n18ae', 'f07go7nh', '0ho4f5wg', 'kt1az1pf', 'y5wkv42k']
479	['xld7ztx5', 'imte5ong', 'oz047qmf', 'rtus1qyw', '3wg6flz0']
480	['9wnkmn27', 'ml27mexb', 'bre2ijbb', 'kc3nb2pc', '186wyg7t']
481	['n3yuvf8v', 'iw3wv973', 'wslsqytj', 'v0y734lu', 'wgfdd3lm']
482	['vllhupzp', 'y6ufb4l6', 'fdkt6moe', 'eo89w6qp', 'zjpxfd7c']
483	['y89e2dju', 'ijoyk390', '3vrg7zyc', '1psfiqqj', 'hb3wcm04']
484	['v5yny0dw', '11xjl53c', 't1ughb9b', '7iuls8x1', 'mldwnz43']
485	['0rftk787', 'iqe6sdq2', 'yn9qcwvq', 'lgtpeqhw', 'otme0vmu']
486	['9xlp5uuc', 'enkjb39u', 'v34r4tix', 'auvehdq5', '1adofojj']
487	['4a7fzrxg', 'd0tg9i90', 'z79x349o', 'xk6rp4e7', 'cpeizrdb']
488	['n2wqalcu', 'cfkh0ypy', '8s7ixxvk', '41uuzzpg', '0zun27k4']
489	['lm73oj21', '8o2xddof', 'r76tqrwz', 'aakzdkcj', '0r580il2']
490	['leg5ntvu', 'ihler8r0', '8hkxbxz9', 'gha1wg4w', 'jfvq2gfx']
491	['9195zweg', '3a5965df', 'fpexa30s', '1peg3502', '52qpcg63']
492	['je585xia', 'be4afbyo', 'dgng39yd', 'hhswage4', 'zq9ehv7a']
493	['yu2qzp18', 'iy1enazk', 'on1y4mdw', 'nuzt4jcf', 'eapwqsrc']
494	['li8kvzdh', 'btao9cun', 'cgqihd1j', 'trrg1mnw', 'g4ve91g5']
495	['hunepli1', 'uyo1rpx6', 'i6qoo03c', 'pofysmv8', 'f6vau5s6']
496	['2tax8ajw', 'kt47i60w', '2rcngljf', 'jms1hfdl', 'f2det6w2']
497	['vxavox24', 'wtdzad90', 'xwghd9ut', 'rzrrnypq', '4haf8aaw']
498	['yaedocvp', 'b9vm3x3w', 'faue5ywu', 'ct4licep', '9ok153yl']
499	['x88qugn9', 'm4hwwhux', 'tl96mvyu', '9bkuy3xk', 'eje3i558']
500	['sb5ce0g3', '1otgdo19', 'w3fxltzw', 'b6bl0xrc', 'kk47kxwf']
501	['h2u5w4a8', '73oe5as9', 'krh63hqp', 'm8xfza1d', '4gr6i8rf']
502	['7wz030vg', 'q732eylh', '1mx3jrup', '9exmyy5a', '94w1sbsb']
503	['m847xdzk', '36flecmg', 'yr27lnq8', 'iz74o9de', '2hbcbvt6']
504	['d4eae8g3', '6t92yhti', '4z8i83p4', 'cwdtyr1v', 'pquv37jl']
505	['0gier0lu', 'qbhw96wv', '6e0yre69', '8cvjsisw', 'abjt5vfd']
506	['jjh1z5c6', 'h7ftu3ax', '9b6cepf4', 'f96qs295', 'u8mu4yga']
507	['7g7sgabs', '3a5965df', 'r1tl2hrk', 'sfm82h0g', 'htpyn9ve']
508	['79xnx9gr', '5av8aqb4', 'su028g3j', 'dyxfsojh', 'noxt3ikd']
509	['su028g3j', '52lf5gzr', 'y8puocsa', 't1ho5c9h', 'f60z8jo2']
510	['eyhgtpe0', 'n2rec4i8', 'uxz185vr', '00ia8k0b', 'trrg1mnw']
511	['psaq958v', 'bh8zshy9', 'utak6i4e', '9h4zzo5q', 'xjc0l0tv']
512	['t7xaqtgo', '6a1fl65b', 'oud5ioks', 'uohbxoeb', 'cq5z8lqu']
513	['mzekhyu0', '97msfh4l', 'xokujzbl', 'vpoqfm7d', 'lwpvyy49']
514	['oi8epg9m', 'ct4licep', 'bh8zshy9', 'u4ntxo0y', 'gjsrfmj4']
515	['a2voobqa', 'lr20prun', '5z0xwlxp', 'lkb09vs8', 'cg6v3yma']
516	['b6bl0xrc', 'w3fxltzw', 'kk47kxwf', 'trrg1mnw', 'emg87q94']
517	['ljpeq5aw', 'zc10b6j5', 'b2oi45ei', '4dsq1dds', 'j67qgjbj']
518	['jiunpwz9', 'qeqd4soe', 'fien6nra', 'aakzdkcj', 'onlly1ga']
519	['gha1wg4w', '8x3lqokw', '9h4zzo5q', 'zjujs11q', '9uxazk87']
520	['ml27mexb', 'roe6g61u', 'lm73oj21', '7esjlc7i', 'aakzdkcj']
521	['bpu3hpbn', 'aq6iypq1', 'fynl88p5', 'v1egyqt4', 'clzxo1ly']
522	['3jn7tdaj', 'ftq6ed38', 'lkb09vs8', 'deezca5z', 'f5twvg9g']
523	['toy8i1lm', 'hd0axs5o', 'gufhaylj', '3mfwweyr', 'tz2d3lff']
524	['g6kag5ij', 'z7r4n0w7', 'gydzq4n3', 'lorpo8uk', 'y8i60bm3']
525	['ifovibzi', 'zv351n3d', 'zu07vbc4', '2cwvga0k', 'vq9mtrmg']
526	['v34r4tix', 'y3a4czk7', '5053t5ki', 'b3doorzq', 'fteydbm8']
527	['9pb2eqoa', 'xtraspw2', 'w3ls1d7w', '2f7wqamp', '8je46886']
528	['9mact9br', 'hnx213kp', 'jjgfgqwg', 'i9jrobdb', '4mat0psy']
529	['e0pbs354', '9169o29b', 'svi7syld', 'llcit7x2', '11bh9v5i']
530	['j67qgjbj', '7momt81r', '08bw0h8m', '8r8586br', '0si51n85']
531	['1s8jzzwg', 'z86g8dzs', 'h7ftu3ax', 'rpwmcqbg', 'xtmn1n0r']
532	['vp2t4xkn', '2dixw8up', 'pfvf8ujb', 'psaq958v', 'g2nhydu6']
533	['4wbkis5w', 'and9sood', 'wkwqlnz2', 'pmoqdo7i', 'plwoof39']
534	['jvog9dpj', 'sok0cyd3', 'd06npvro', '0njpdbv5', 'ndn6iwre']
535	['zjur5j95', 'j2oo4hoo', 'uqmblefe', 'e62t4wrn', '0x3uihto']
536	['6hl6rtsh', 'eu2vjpw9', '4mat0psy', 'li8kvzdh', 'x0cs571f']
537	['ua7hsfma', 'vpih1wvs', 'vjtwipu9', '6r1hy34r', 'ihq8gdwj']
538	['ueb7mjnv', 'yoiq6cgt', 'bwmpamea', '9jqafpkp', 'tmonjdrp']
539	['gorp9n1g', '6e0yre69', 'kc6dls2z', 'p10cya94', 'dwcu6vyp']
540	['1nmzo9at', 'irhizn0b', 'k7sg7gzd', '5tdmh0ac', '5dbuxvc4']
541	['nosh8awp', 'taz8f384', '3cr97dii', 'n5c0hcwn', '7iuls8x1']
542	['3u3i5myh', '9qo95a1c', 'rytzyf1j', 'kit7dfi2', 'bvzi49hy']
543	['0aqww7cz', 'pdd5wepz', 'lby3xhmp', 'gvtp8s8b', 'qh6fqna8']
544	['1y79i676', 'tgrh7ap4', 'qe8mxow7', 'vjubia8r', 'oyplh9cn']
545	['49jkx2hc', '1gbq9j88', '3eu5n942', 'p97kgjmp', 's4cfdgbv']
546	['v7szuzfa', 'kdxoyvsv', 'mldwnz43', 'rcb943w2', 'wghwwufg']
547	['hsm75cww', 'trrg1mnw', 'ocl5qf9o', 'soz9p0yd', '7rsp9vu0']
548	['ml8arkpd', '1qwq3jme', 'kq6rups8', 'ratbgibg', 'obhm5mc5']
549	['zu5mg2im', 'ucysxk5c', 'iz74o9de', 'm847xdzk', '4pcv1i3i']
550	['w3fxltzw', '2fokjcjr', 'jk0ju2eb', '6r1hy34r', 'ua7hsfma']
551	['um4v5qr3', '3wk58t5t', '8nil3u2k', 'est5jx7g', 'n7oankiq']
552	['5d7erbr4', 'rzahax88', 'iyopfos0', '8w43qkqu', 'tq8jpmin']
553	['vs730te0', 'deezca5z', '33cmymur', 'cnfpsbuk', 'hsm75cww']
554	['h5xvrtfy', 'y42gcbj0', 'nctlqbtf', 'ckorpogz', 'ztc4wvlw']
555	['vvx3zukm', '8dbjycgt', 'osrqh33g', 'cn0hqvsz', '68d30i8k']
556	['7wu8bfo4', 'dyxyab5g', 'g9rs9cx8', 'zjpxfd7c', '76aij6sx']
557	['iz74o9de', 'fcdwitxy', 'yr27lnq8', 'n5ogyxz7', 'ujy4i5uu']
558	['8f83k2ce', 'isxasd9b', '1vj9p7vm', 'z22g03v4', '8gl323hs']
559	['wubcq0xx', '855atuue', 'ebgu29uh', 'hp62t734', '2hbcbvt6']
560	['2bpyvgv7', '9b6cepf4', '763v4duh', '5vodag6c', '3ttyxjgi']
561	['ywi0a8s1', 'wkl3jyzn', '9colibhs', 'gdbr8zwr', 'l07q84ni']
562	['j5b0f3uk', '2tggadqm', '02bk8vtk', 'fen3nmr2', 'l56c020a']
563	['l97yi8l9', 'cntmsia6', 'iu5ndsxn', 'ivy95jpw', '14alhxc3']
564	['9eu792zu', 'e8fhlo37', '213bme3q', 'cplyj4dm', '357sbvyt']
565	['ny7wkswf', 'uxz185vr', '0g3pro4v', 'oz047qmf', 'i8jv5iqo']
566	['8qcovhtk', 'scw4p9wq', '4ag4oune', 'rrvj5sc1', '10lun7te']
567	['8l5i1z27', 'xmd8fh95', 'v3kzly7z', 'xui25c83', 'ruewzstg']
568	['1nk1t5qs', 'jnwuu08w', '0r0zdpds', '0hbyplqq', 'w6i72ivp']
569	['5lzixulv', 's4xintwp', 'o476dtgd', 'e9j4b00a', 'ocguwlam']
570	['em2uatlm', 'iu4p5k0w', 'y2zcwcic', '3jn7tdaj', '3jrb0sn8']
571	['jo489zm2', 'ufzjvdho', '5g8u35f8', 'cfkh0ypy', '05djnz4p']
572	['mxbjpmll', '1k1fhb1s', 'tnwafdr0', '9eudsrjr', 'p3rnfifj']
573	['3p31ei4k', 'nphdtsbt', 'f2gsqyv9', 'j7vm8h9t', 'levgdr7w']
574	['v34r4tix', 'ajzcx2rg', '64qt0w2a', 'i57f9ayv', 'x2a32lml']
575	['be4afbyo', 'dgng39yd', 's19w1p2i', '8acldtv2', 'n1ysi7qc']
576	['yaedocvp', 'jfvq2gfx', 'apfimvix', '4vuucmfd', 'rwk954dx']
577	['lzgwxshi', 'cdr032lw', '1yrhikew', '4sq7t6hg', 'gvaslwh9']
578	['yqx0xqz9', 'pmd1n2l1', '7e0x1525', 'dbxufi3m', '4z8i83p4']
579	['sygm6irl', 'trmwm9qq', 'dqhdws5k', 'aakzdkcj', '1l4o9pko']
580	['pta8enbu', '4gr6i8rf', '73oe5as9', 'm8xfza1d', 's6b2zp99']
581	['q1yn89cq', 'nh4dw75x', 'ztc4wvlw', 'sz5fr79q', '6xs4y2uw']
582	['xmgi40hg', 'r4mgu6j7', '9gqonmf5', '7i5awez3', '0ho4f5wg']
583	['k3vs6vhz', '3yi44xfe', 'fmgj3noh', 'fsid4a39', '9th61iva']
584	['dlwwcryb', 'h73m17lw', 'e9ba18fn', '7tqxng6p', 'ejzy0jcn']
585	['wvfw94n1', '7j7u4sv3', 'bjvg2ivr', 'myqli11j', '6xxm7hcs']
586	['xzy98hm3', 'qub1i1bl', 'vpoqfm7d', 'mzekhyu0', 'uaccs7k9']
587	['dc8z4jzo', '43wbbris', 'k30wvnx8', 'gg5c8v7d', 'zvmwubuk']
588	['trqezzj5', '8hz4go45', 'jw42gokv', 'd7eshkim', 'kl2766oe']
589	['0qy6hcgp', 'hcw0cisk', '14alhxc3', 'jz6o9gnb', 'd21lvneh']
590	['h7ftu3ax', 'f96qs295', '4eak8e8l', 'xtmn1n0r', 'y43prnko']
591	['l4zku2e9', 'kgt61kcu', 'md0drb25', '8nk7pplh', 'lgtpeqhw']
592	['dlpgq0rm', 'fhcipjzu', '9rhydy8u', 'mo4luyx6', 'g2q2gggs']
593	['t006jnl5', '0ljild6h', 'wt6bp8os', 'px3vhh6a', '1daa6fte']
594	['49ejyfie', 'axa9cqk6', 'y442ugst', 'le6d2l5i', 'fi7a0qvj']
595	['jfvq2gfx', '5nr3j1ew', '35meen0h', 'kt47i60w', '4vkkaqhz']
596	['vw9jd88a', 'y6zisciu', '6r1hy34r', 'pvrp8u8n', 'ajzcx2rg']
597	['opjfy3xr', 't0iw2vod', 'wq92nfnd', 'hqapg5ow', 'yrowv62k']
598	['uxz185vr', 'ny7wkswf', 'styavbvi', 'oz047qmf', 'enttjhgb']
599	['vwh0roww', '5f95gve3', 'tpovr13h', 'nxu1xoax', 'pq6c0zia']
600	['k0v1axmd', '11xjl53c', 'lbd6hn57', 'xre1l41y', 'z8758x5u']
601	['vf1vku8s', 'd3pxk5tr', 'pc2cnhjd', '5zn5mgi9', 'ykxr9q1j']
602	['q1mq5f2t', 'ixvtt3g8', '0n51j2jo', 'x14iywtr', 'g1zce6p9']
603	['zdfx3zo3', 'wcmxmahq', 'z5493bye', '74070a3z', '1f6kq8co']
604	['41jqgsv0', 'et1ekgdl', '8gl323hs', 'lgnhlxgd', '0oxo2awm']
605	['wmpjfc02', 'isxasd9b', 'mzon01fd', 'kjf63oug', 'hvp47bm2']
606	['3fiqpart', 'eay6qfhz', 'mdewdbqs', '3h80bn0k', 'y43prnko']
607	['khkw1hhv', 'jqwoxfsc', 'o4vvlmr4', 'elviuvfz', 'mja2qlpk']
608	['di4p48ax', 'fpexa30s', '1peg3502', '25jq098w', 'sfm82h0g']
609	['rhgl6vss', 'hitaptnp', 'jpenhh92', 'ii3di3dz', '3r418rss']
610	['ywvk6gu6', 'x14iywtr', 'ihq8gdwj', 'jk0ju2eb', 'ok9o9tta']
611	['f6vau5s6', 'cj7izin2', 'x84su3ki', '0i12e4tn', 'ca04j8sc']
612	['llv66c9p', 'w7o2r4g1', 'wzyj4y30', '2ierk83o', 'tpovr13h']
613	['ftjrg3dk', 'wcmxmahq', '7yias3rj', '0vy5yifk', 'htitgh0v']
614	['mdsjbfmx', 'dtbmznld', 'z9vjo98p', 'tloczjn5', '52qpcg63']
615	['hg3xpej0', 'jrqlhjsm', 'styavbvi', 'c7ci5w56', 'nksd3wuw']
616	['lx77ln0h', 'q44yuued', 'i6o608fm', '2jwuzfan', 'oe4bzale']
617	['pg50i2ql', '7s79900j', '08bw0h8m', 'hbkl5cam', 'z807g8i5']
618	['1l4o9pko', '5t16srpn', 'aakzdkcj', 'y1uk8yfa', 'isxasd9b']
619	['ximw03ej', 'jjh1z5c6', 'gtwg0m54', 'tra5ewc5', '9pb2eqoa']
620	['lt7qsxxh', 'h1sura49', 'nxabdur3', 'a242g5kg', 'g3z9fp31']
621	['jveh2w09', 'oaq5a5i3', 'f3eogz0n', 'ge8o93rh', 'fuvyeq3k']
622	['sh9w4ipq', 'wabd3b9z', '1ifm3vgj', '1s2kfzkn', '82wscept']
623	['kajker7i', 'dssikr5i', 'ld7lhdi1', 'dyrn6z9a', '4budtw8s']
624	['4vtad2ve', 'u89jd28e', 'u92ruhjj', 'e0a1t2ig', 'tq8jpmin']
625	['vu8ao4pt', 'j99cgsjt', 'bakwk4tm', 'bawgldfi', 'glpca9u0']
626	['gdcqu3nb', 'ks0zkp57', 'geo7ac5i', '25aj8rj5', '2xjv2fb6']
627	['17km3arw', 'xmjj1s5s', 'uhtwkkk3', 'nbqne4wp', '353wr671']
628	['qhrwngde', 'nerxtetr', 'zvlbs4cc', 'ansf1j7u', 'qfq1nfcn']
629	['hunepli1', 'leg5ntvu', 'ebgu29uh', 'hp62t734', 'ihler8r0']
630	['9gn4jcu9', '4eak8e8l', 'l8zfuhzk', 'y43prnko', '0clp6zt6']
631	['yj3yisum', 'xd5uhah4', 'xcomjvaa', 'li8kvzdh', 'v3n2r4ia']
632	['z22g03v4', '0ojzssli', '41jqgsv0', '2hbcbvt6', 'q8l3ra55']
633	['gfb11r1i', 'azgerpo8', 's1dert6n', 'g266ttng', 'r9qtzdvk']
634	['s3o9v1fl', 'whkfvd7l', 'dfhxcqr8', 'tr2139vg', 'mru0mcup']
635	['7s79900j', '0emibwp3', 'f3swmk24', 'r3w90vg8', '1s8jzzwg']
636	['55lbj72e', 'jfjxujwj', 'cxqzo58q', 'f64tksb4', '5yi8lm2e']
637	['bttme4wn', '6r1hy34r', 'jk0ju2eb', 'ok9o9tta', 'gk3wr6s1']
638	['lnls2mhg', '6d5tp5hy', 'c9cenvt4', 'f6i46t3h', 'edz3up3a']
639	['9pb2eqoa', '4eak8e8l', 'zl4ixyg1', 'h7ftu3ax', 'e1mnj7bf']
640	['ezrarusj', 'n9nu5n44', '2q6qmex3', 'k4lqkqnx', '3kk1l0ag']
641	['9jqafpkp', 'r6gzbnu2', '77m4rhrz', 'zueghgx5', 'ueb7mjnv']
642	['9oejm9sc', 'octtj2vf', 'wcq3qqt4', 'f4jx3b2q', '80yu5aiv']
643	['eflyypev', 'kl2w6yiv', '6hehg1yf', 'ldmjcf2n', 'tnejo5wc']
644	['nwb7qf9l', '4p6fcy8f', 'lvw0cnwj', '8lyipugh', 'wtenvb27']
645	['b3ui95vx', '059oj76m', 't8jlihgm', '679ds029', '7jwqm0b2']
646	['byw8jsqv', 'eywnnzxe', '4iuxm6z2', 'su028g3j', '2dixw8up']
647	['08bw0h8m', 'ifgz75ch', 'e0pbs354', 'qyj6y9jc', 'txnegebz']
648	['9452kqc0', 'mja2qlpk', 'tunbld3v', 'hpr8rt9n', '3zdv9zim']
649	['2sp8nm0i', 'cixdw87l', 'enkjb39u', 'ldv3m4jr', 'y74qhqw7']
650	['2v6zigt8', 'aakzdkcj', 'iu5ndsxn', 'ivy95jpw', '1l4o9pko']
651	['5oy0q6ca', '5r0ubg5g', 'zsra2yz3', 'asrkuts7', 'y5b7g8v3']
652	['jk0ju2eb', '9mvk86q6', '2tax8ajw', 't9hbbqay', 'g1zce6p9']
653	['uyzalds2', 'ljpeq5aw', '9iomlhpv', 'y04dub8o', '9rczqcaz']
654	['ajzcx2rg', 'v6qgjuas', 'js91utss', 'w3fxltzw', 'pp373xuc']
655	['opw9cmbe', 'iepagac8', '4b6jrycu', '3k0ksvog', 'u20e82de']
656	['en0obmna', 'prqrsb3c', 'yn2nnzh8', 'xkmy79p9', 'gap91mwc']
657	['ewf1z1ee', '06yuz5pn', 'm9g1d7i2', '6r1hy34r', '05i5j6js']
658	['ml27mexb', '1l4o9pko', '9wnkmn27', 'zqzs6vtf', 'aakzdkcj']
659	['3nf5bxv3', 'f6rx4h3r', 'ereh4ub8', '8d0zb0lw', '2b2evno8']
660	['x5m6u9pg', 'hkh1crxr', '7o7v0ewg', 'qw2ct68h', 'omk29wlq']
661	['mqyu72nc', 'wl2iuup5', 'ypmeh8y3', 'ogchq8gz', '353wr671']
662	['btao9cun', '7zngkwoh', 'astxi4el', 'jpenhh92', 'onlly1ga']
663	['20xgqvxc', '4vkkaqhz', '5iudn4kq', '6crputzl', 'kt47i60w']
664	['v056i6g7', '9t6du1v5', '1zbsbcdd', 'acjs9bm9', '33znyrn8']
665	['gln6e0t4', '9n0sy82w', 'pibg1iw7', 'xdbtwiqw', 'wivk0bm0']
666	['ntra3jhs', 'u5rbvc3i', 'lv5xjfk4', '05lgp662', 'r67lnbfc']
667	['j4p46aiv', 'lby3xhmp', 'o9mq3auf', '9h4zzo5q', 'z4s7u17l']
668	['in69fhw9', 'gjsrfmj4', '7d6snq1v', 'gi21di4d', '5ojyly05']
669	['tq2vdo88', '6gssaxcl', 'yuiej0ws', 'ocguwlam', '4wbkis5w']
670	['bfm45zas', 'lbrpbhpg', '6a728le9', 'xq525smx', 'kl3mfkoh']
671	['h7ftu3ax', 'fj6l76hq', 'ef3warsh', 'ropgq7tr', 'x9sfgtim']
672	['f6li7qil', 'lfqi7jsa', 'k7vjqzx1', 'q9bwvh0t', '5ojyly05']
673	['w3fxltzw', 'ua7hsfma', '3jqsmc7p', '630w2rtn', 'pvrp8u8n']
674	['8ko7mmu3', 'nr0fu2qb', 'w1bx4a7v', 'hqapg5ow', '9qsqj91d']
675	['k5jkntul', 'bre2ijbb', '0z7ey1nm', 'ktm0akxd', 'dblqryhy']
676	['lfo6otkc', 'o47v5vgw', 'o877uul1', 'dfl69g4f', 'nro623aa']
677	['9pb2eqoa', 'y43prnko', 'h7ftu3ax', 'x51jorbm', 'ximw03ej']
678	['vvmb92wo', 'nom4z0tv', 'l8zfuhzk', '4r96f92d', 'h7ftu3ax']
679	['bvzi49hy', 'eywnnzxe', 'xmd8fh95', 'zelsywyu', '3u3i5myh']
680	['16qdfits', 'y8boml8i', 'okabnt0t', 'v34r4tix', 'hpcqbohs']
681	['2fokjcjr', 'fmgj3noh', 'pxnyi2u1', '3yi44xfe', 'ca1v4k3h']
682	['1gbq9j88', 'f3dkdm7j', 'e6miaabh', 'jm4dmnxz', 'akdg2ljo']
683	['wjktna81', 'ijoyk390', '6k0nhmg9', '6hkqe14l', '6fpw6y8t']
684	['4qp083h4', 'k2qertx2', '76aij6sx', 'zjpxfd7c', '7bhue8w5']
685	['y047cuxp', 'b4161ynv', 'dm6pznm2', 'rr87vhd0', 'l2i3aa3k']
686	['td8uwcas', 'lfqi7jsa', 'gufhaylj', '8yg1d3ft', 'c9fg1ni6']
687	['0pcgcbjw', 'xneu8glk', '9f0bjknz', 'bh8zshy9', 'xe8t3uqp']
688	['wtxhbzr9', '5azti19e', 'rpjg4a9i', 'cfhu5246', 'uo3ww8j4']
689	['eo89w6qp', 'ppuki7qn', 'fo815n5l', '9ei6ubx6', '9y9lkt4x']
690	['x996e0cn', '71ixs3y4', 'j7vm8h9t', '9ex61dl5', '5g8u35f8']
691	['udtoutew', 'ereh4ub8', 'iucrorzh', 'o7ww2prj', 'r76msx6y']
692	['r7kvv48s', '0iqdqcp6', 'hw2s28hs', 'o78vcy90', 'foy3dsq4']
693	['pcekcvwr', '1t78tt1s', 'tloczjn5', 'z9vjo98p', 'fdkt6moe']
694	['k7smwz6w', '3xzivp7d', 'g77vjcjr', 'b0dzhsrh', '8w2t6u96']
695	['2hbcbvt6', 's01g5wxg', '95zrth5d', 'z22g03v4', 'ii3di3dz']
696	['zecuhkcd', 'wtenvb27', 'wtovv1jy', 'zmkvs7e7', '8g70j0qw']
697	['h1ncnt2c', '1b5hb0g9', '43ocdbp5', '8xf8u6bg', 'mup5hr7e']
698	['t9hbbqay', 'jgcv1wf3', 'i6qoo03c', 'f6vau5s6', 'wt6azxc1']
699	['2e2s1gof', 'xjklin0b', 'xqpsdc8u', '47p4g80o', 'jfvq2gfx']
700	['53t1mhnb', '4et61my3', 'kq6rups8', 'r66vfirw', 'l3cisx2n']
701	['vrhrc7v6', 'vygvs1x3', 'belhjr5e', 'dp9x046e', 'mdmfsclg']
702	['y12veqre', '36flecmg', 'pzqmg22v', '4pcv1i3i', 'yr27lnq8']
703	['944pn0k9', 'iobpcfs5', 'jtwb17u8', 'm6eotnko', 'jbpmbm9m']
704	['xh1iw8gf', 'yg2voc65', 'ohfi48d6', 'x4mgnhbg', 'aakzdkcj']
705	['f3j0g82b', 'lsiy3quw', 'sb3y2w6c', '06fwhyac', '9kk8pevp']
706	['v0y734lu', 'lv5s1bko', 'kyt14ufu', 'v8ujnrbi', 'j1kzjre0']
707	['kek9i9zd', 't3givxiy', 'zq9ehv7a', 'eo8rbcy2', 's19w1p2i']
708	['3kng7qea', 'rj9k9awy', 'v3n2r4ia', '2f09vauy', 'j23pvlj9']
709	['ivy95jpw', 'l97yi8l9', '5f95gve3', 'qci7khki', 'nvbt5gxl']
710	['vndj6f7w', 'f96qs295', 'jjh1z5c6', '5vodag6c', '2bpyvgv7']
711	['n6lwnct5', 'h3tor88n', 'whj9jwwf', '5u63aqo5', 'k7q5evtj']
712	['208w0eyz', 'nuzt4jcf', 'en0obmna', 'ghhxxkkv', '0ctlde8w']
713	['nln6pl3h', 'bw6a5gmy', 'p2cbfzmp', 'd78zcfls', 'cfkh0ypy']
714	['6r79qt66', '4vjpu9t1', '2tax8ajw', 'ej9qbrt8', 'eg5snpzs']
715	['n3swuykg', 'y1ob8tcq', 'l0l2ev29', 'getnq0ek', 'gvn2v6rt']
716	['3jn7tdaj', '6r1hy34r', 'ftq6ed38', 'jk0ju2eb', 'f5twvg9g']
717	['f6i46t3h', 'q7vv128t', 'wl7odjo2', 'edz3up3a', 'wxor6kg3']
718	['35xqlryc', 'b4hl6fnw', '5azti19e', 'hnx213kp', 'ttl1ozc6']
719	['n3nwra0o', 'k6cumncp', 'njcrqfdr', 'gtp5daep', 'cs2mgj70']
720	['dx53hxej', 'na3c21pf', 'wzp7hpgc', 'gap91mwc', 'ca1v4k3h']
721	['o29hjkca', 'xjklin0b', 'yt68npjn', '0n07fow0', 'q9bwvh0t']
722	['n5qfwl57', 'md0drb25', 'ib17jyva', '4kfbs7j4', 'g2j4uqem']
723	['2zbm4iwn', '5zzlhyga', 'ow39tpxn', 'i4op2jkl', 'y4cqgbm2']
724	['7fe2vdm7', 'jvog9dpj', 'x5w0fl5w', 'qfrenkb6', 'n1ysi7qc']
725	['5zhjn3u2', '8l5i1z27', 'xui25c83', 'n9aqux5a', 'bw6a5gmy']
726	['ftq6ed38', 'k6cumncp', 'y14lw5b2', '5a0yyowv', 'lr20prun']
727	['l4zku2e9', 'kgt61kcu', 'md0drb25', '8nk7pplh', '8hvve871']
728	['r1m709hb', 'rpjg4a9i', 'jnwuu08w', 'kt47i60w', 'o3cr0xvm']
729	['8xf8u6bg', '9enbrd6h', '55yxh5er', 'wigakw9h', 'x996e0cn']
730	['9wnkmn27', 'aakzdkcj', '1l4o9pko', 'lm73oj21', 'fien6nra']
731	['liip39ku', 'nz42wegs', 'daxv3reg', 'cqjkjkt3', '0nw9oots']
732	['4socpj73', 'fety7g0q', '9colibhs', 'h87bv6gd', 'xeb14weg']
733	['mqyu72nc', '79xnx9gr', 'gw9hkw00', 'ztxfa5b8', '09jbs6mx']
734	['fjzhe9tp', 'nok0yfzv', 'n5bnpzj6', 'fx2ikn2t', 'qt5qv3zx']
735	['35nshnn2', '8yg1d3ft', '5zaw2iot', 'gufhaylj', 'wh3k3u28']
736	['12yshnt5', 'lclxe7i9', 'wt5qxe0j', 'zjujs11q', '8th933g4']
737	['egn81atf', 'n119a7fx', 'aj885nl0', 'qxtcbksp', 'o68mentl']
738	['ashxoaav', 'w750idb5', 'oa5yvpn7', 'lfk6e8hy', 'i1icueuw']
739	['iid4bnvw', 'usr8hzcw', '6bwd99d9', 'tv014ubp', '2md6g8np']
740	['drto66xt', 'x64zft78', '9g547s2n', 'rwevmwcr', 'jn1w8h2p']
741	['ucmzbezx', 'o8aosx2q', '1xqsmtcu', 'e4y6l4lx', 'jt3vjsqe']
742	['td8uwcas', 'ofgv3p8y', 'lfqi7jsa', 'eywnnzxe', 'vrs88dcy']
743	['io8mozoe', '4cy3er3y', '6ir39t8h', 'e9m31jyc', 'ijoyk390']
744	['tfpa12kr', 'cvkdpnn3', '2q6qmex3', 'f15foaf2', 's2e56ety']
745	['qeqd4soe', 'rp9opdmd', 'aakzdkcj', 'roe6g61u', 'iu5ndsxn']
746	['du7ba2ky', 'tah4bpj1', '4wbkis5w', 'znwa2kig', 'cy0wy98u']
747	['4gof1yl8', 'aakzdkcj', '1l4o9pko', 'y6zisciu', 'ovgk0wsn']
748	['kayh0v56', 'octtj2vf', '1m1hi735', 'l2i3aa3k', 'hl956i02']
749	['ec3pmvih', 'vqswp96l', 'hhswage4', 'atd6bg76', '2i7zd1t2']
750	['52lf5gzr', 'djev6er7', '9ei6ubx6', 'gcsew8u3', '6d5tp5hy']
751	['dfhxcqr8', 'maj8r6ti', 'ls408b2b', 'fsid4a39', 'yn7e3do9']
752	['t4y1ylb3', '7a543f7v', 'tvhn7lnu', 'np1y2fkt', 'zq4ty9rw']
753	['r7aqsyfl', 'amw2c96l', 'dkfohub3', 'qa1tbu6t', 'kff7ho04']
754	['ngbnnpni', 'nvphu1fm', '54aruvbf', 'iez1j9jn', 'zqjadbvh']
755	['jrqlhjsm', 'hg3xpej0', '00ia8k0b', 'krtqq8uo', 'trrg1mnw']
756	['y43prnko', 'sxi0tpsf', 'ropgq7tr', 'x9sfgtim', 'w1bx4a7v']
757	['353wr671', 'ogchq8gz', '5nyc1cn5', 'ikacd7ls', 'tw7jsibe']
758	['li8kvzdh', '6hl6rtsh', '0shy9q2l', '35xqlryc', 'mja2qlpk']
759	['kd3as3b9', '8lzpz58y', '9g0lo2e9', 'cc23zega', '4kgnx00l']
760	['onjgfr4j', 't019zx7q', 'vwgvlqml', 'qbhw96wv', 'mdmfsclg']
761	['wbsl6n67', 'gtp5daep', 'cmc02ybp', '6sy80720', '5xk20hs5']
762	['gha1wg4w', 'mmr04tsm', 'msovjuk4', '11xjl53c', 'pfh6nm9r']
763	['2uidarm3', 'ir20eiqr', '9pijmlpz', 'odlf9z1w', '45x7ubub']
764	['z22g03v4', 'pzqmg22v', 'ii3di3dz', 'jpenhh92', '95zrth5d']
765	['clzxo1ly', 'vpih1wvs', '2m6ks6nd', 'toixg0hy', 'keaxietu']
766	['ohfi48d6', 'o7ww2prj', 'q7pieq3w', 'ec6ov0jw', 'dyxfsojh']
767	['ximw03ej', 'zycgczqy', 'ygvg9jfe', 'iylmvmv3', 'a2voobqa']
768	['pfbgojxr', 'kjr6dcqv', 'qlejjw9s', 'dksw5yzp', 'f5ehif2w']
769	['jo489zm2', 'ufzjvdho', '5g8u35f8', 'p2cbfzmp', 'cfkh0ypy']
770	['0tn06al2', 'u30uz8sk', 'eml8uilb', 'rsrupgx4', 'nln6pl3h']
771	['mfpgbqc8', 'ijoyk390', 'fynl88p5', '1ef8ac5c', 'g15tvzn4']
772	['g3hujz5o', 'wbk363w1', 'duwr9b5b', 'mt72f4dq', 'vbayngh0']
773	['l5nncxqo', 'v7ckvxjp', 'hpj8gb4o', 'h1thbwi7', 'f3v1xezr']
774	['sgo76prc', 'f3mvdpq1', 'sykjpaz2', 'np1y2fkt', 'la2wvnb0']
775	['8gl323hs', 'hfk8nikl', 'bccrvapy', 'hnj1jqr1', 'k5jkntul']
776	['ohkki0ke', 'qi1henyy', 'x9sfgtim', 'ropgq7tr', 'f96qs295']
777	['010vptx3', '08bw0h8m', '0si51n85', 'qwgxm1ol', 'xuiswu2l']
778	['95e1kuux', '52x62y5l', '84z7jgcl', 'jrgeasqy', 'gu4mz2vp']
779	['8x3lqokw', '6gssaxcl', '186wyg7t', 'uohbxoeb', 'szxz9jve']
780	['8i2ryrfe', 'psaq958v', 'i1icueuw', 'mldwnz43', 'k0v1axmd']
781	['t46giw1h', 'vh3qs9xv', 'is9a77dk', 'rtus1qyw', 'ny7wkswf']
782	['1bxl5nrm', 'tdxrx9se', '7klqhnr2', 'rpjg4a9i', 'yy8mbw1a']
783	['i6qoo03c', '6r79qt66', 'cy8vyb6j', 'm2id6kxw', '9qo95a1c']
784	['mkgszhkk', '844229sb', 'gtwg0m54', '30pl5tx3', '1s8jzzwg']
785	['wpuujmjx', 'y6reys3r', '05m6gs19', 'v34r4tix', 'jt3vjsqe']
786	['8xvqq5eh', '379lh456', '1blzi9r3', 'fedv6m9o', 'birrxj48']
787	['s0w95qdn', 'iobpcfs5', 'tvzn0112', 'e85xdrcw', 'pq75mafr']
788	['q54el8tf', '7t7ho26v', 'lrqt2gcw', 'eywnnzxe', '755ym7vl']
789	['btao9cun', 'i3iy8ax9', '8jxacsfr', '58r5wcwd', 'xmqdk2wz']
790	['9svrz0vj', 'gqww6dfm', 'uazqkay9', 'yv5nepnc', 'nzat41wu']
791	['6j9x3pn5', 'icnbhg6e', '48ay8yl3', '2u44c7oi', 'obhm5mc5']
792	['3otvtwbb', 'be4afbyo', '5zn5mgi9', 'llcit7x2', 'pc2cnhjd']
793	['fw211spn', 'nles7ymd', '55vu6b3u', '3xzgv370', 'u07jsjmf']
794	['43ocdbp5', '1b5hb0g9', 'ccljxw2s', '1315iz0v', 'nmmayjcp']
795	['dsfbmhbj', '79xnx9gr', 'd9b814yp', 'mqyu72nc', 'bh8zshy9']
796	['9pb2eqoa', '4eak8e8l', 'w3ls1d7w', 'gin90aef', 'y43prnko']
797	['gy0kfhy6', 'tstx42h7', '6fpw6y8t', 'ihler8r0', '6zjzy0ft']
798	['8je46886', 'y43prnko', 'xtraspw2', 'w1bx4a7v', '2rx84imv']
799	['hb3wcm04', '6a728le9', '8hkxbxz9', 'pm9cl9ps', '2q6qmex3']
800	['8f83k2ce', 'gk3wr6s1', 'z22g03v4', '0lk8eujq', 'm847xdzk']
801	['2dixw8up', 'stn5gl2b', '2bzq2ayq', 'pfvf8ujb', 'kyt14ufu']
802	['1ik8lrid', 'k6cumncp', 'zvlbs4cc', 'qfq1nfcn', 'nz5r48y1']
803	['4mjrpjit', 'nosh8awp', 'taz8f384', 'n9aqux5a', 'unhrmzn5']
804	['g17lp8ch', 'vvmb92wo', 'w1bx4a7v', 'ximw03ej', 'ropgq7tr']
805	['juofmvz2', 'z0p4f7tq', 'd0s3vl2w', 'w3gt0w41', 'qv1xfrg6']
806	['2kh4iw8h', '0uoiifs4', 'j41c15mw', 'mbam5s7p', 'q1mq5f2t']
807	['gvn2v6rt', '0bdi3yxk', '5rsxnrdr', 'rll6asw2', 'getnq0ek']
808	['v29jmh6s', 'v1qj47sa', 'r5nzz1j0', '387spphe', 'cpeizrdb']
809	['j2t0ofgt', '2xjv2fb6', 'd4upbc3v', '609b8j39', '7tye4psd']
810	['ud8nmm7w', 'mqzus147', '1h01ziqb', 'lf6fprh0', 'i1icueuw']
811	['k9xhphpl', '80dfqjql', 'gwaqh4dd', 'vpqwkmlv', 'b0nkhsvv']
812	['h7ftu3ax', '1s8jzzwg', 'xtmn1n0r', 'yrowv62k', 'eyxag4xd']
813	['jisznsr3', '8gl323hs', 'xshqu7qm', '195h4ofw', 'n5ogyxz7']
814	['extp8epx', 'w3zbf5k4', '798ajlwl', 'e4xw6gyp', 'l6zsf85e']
815	['ngbnnpni', 'rytw6rfd', 'nvphu1fm', 'mg9kypvn', 'iez1j9jn']
816	['ybpev0vi', 'crqqrtj9', '8v7h87yc', '43fwrlk5', 'rjelshrp']
817	['q4m2uj6r', '5dbuxvc4', 'car394ou', '414dyokn', 'p6uliadr']
818	['0retx7ty', 'gruir7aw', 'hapu56t4', 'lfo6otkc', '9x5k7we8']
819	['rbgoabfk', '5aev7ltr', 'j0bu0upi', 'x4zuv4jo', 'llow5xll']
820	['sgiuqs6z', '38d6gb7o', 'tstx42h7', 'xigbp7vh', 'ujq9mxk7']
821	['e1macqqm', 'uw0rrel5', 'yq6jhupe', 'cj7tcpsz', 'kfn2q7wt']
822	['mzon01fd', 'kn9lna4m', 'dgnddq80', 'fagcyea9', 'jz6o9gnb']
823	['eef8mem7', 'icz0wnfb', '08xv22bc', '7mc4dq6p', 'sdtr6yla']
824	['j7vm8h9t', 'x996e0cn', '8xf8u6bg', 'n2wqalcu', 'wdfzrzkt']
825	['s23d5pns', '104lecie', 'ohyvuybc', '1v8xf5uy', '1rxw5xro']
826	['xq525smx', 'pm9cl9ps', 'jveh2w09', '3vrg7zyc', 'leg5ntvu']
827	['li8kvzdh', '5azti19e', '3kde69wy', '16lhzusy', 'n3nwra0o']
828	['zoipx650', '7lx4w75b', 'iz74o9de', '4pcv1i3i', '36flecmg']
829	['dgnddq80', 'su41e4vo', 'y7lrp0gc', 'wmpjfc02', 'f6nrqr1f']
830	['i3jsvtwp', 'fynl88p5', 'y89e2dju', 'bcttenl4', 'gtp01rna']
831	['vuzbni5m', '12u26kog', '6bnj8pcp', 'gk3wr6s1', 'hlv5zb0s']
832	['v06kyana', '97vw83zu', '7q2jd0mf', 'ibnudp1x', '6e24bliq']
833	['ays0clih', 'r5552ql7', 'fytashvs', 'cd5m77rd', 'y3a4czk7']
834	['64qt0w2a', '1992wisb', 'o3cr0xvm', 'bvzi49hy', 'ztxfa5b8']
835	['t9hbbqay', 'mo3y3mau', 'k7vjqzx1', 'uuxo3jk9', '9kfs73sr']
836	['np1y2fkt', 'la2wvnb0', '2f09vauy', 'wq0mebm4', '3u3i5myh']
837	['xj65j05e', 'f37ezj1h', 'k30wvnx8', 'gg5c8v7d', 'h1thbwi7']
838	['qeqd4soe', 'ultl3rpu', '9wnkmn27', 'r76tqrwz', '80xhhcpm']
839	['kt47i60w', '5nr3j1ew', 'wubcq0xx', 'y6zisciu', '5iudn4kq']
840	['1diftm9p', '73b58lcm', 'k9erix1s', 'geo7ac5i', 't5sgguxr']
841	['6fpw6y8t', 'leg5ntvu', 'ihler8r0', 'qgzc1moh', 'lvvw1npq']
842	['kupt3km8', 'cs2mgj70', 'xi20pdvy', 'cvxni7cd', 'ce1a9k8b']
843	['oqhmvpjm', 'nxu1xoax', 'aakzdkcj', 'ivy95jpw', 'sywxrxmf']
844	['k2jzadwq', 'wv2gzahy', 'tvhn7lnu', '1t78tt1s', 'k7sg7gzd']
845	['4gxff3rd', 'hngra91q', 'pqnpa448', 'e0a1t2ig', 'v1ei9im8']
846	['a4kjk836', '04vbjlab', 'j5vhny44', 'dyxyab5g', 'hdk02l2r']
847	['307rt03e', 'jihyavm1', 'zghh0zbd', '8a8eheip', 't5sgguxr']
848	['vbx8khih', '8hkxbxz9', 'b8ipstv2', '6gcahsgs', 'fynl88p5']
849	['wk61uyrt', 'y12veqre', '195h4ofw', '3jnhboif', 'gdyntyxk']
850	['dgnddq80', 'y7lrp0gc', 'mj3gdjxj', 'otcxz4kk', '9oui0l6v']
851	['jjh1z5c6', 'mt0c57cp', 'm2z6k2va', 'pu12u627', '9hpkmjvu']
852	['lclxe7i9', '12yshnt5', 'mqyu72nc', 'l72grjbg', 'xigbp7vh']
853	['m2id6kxw', 'rwk954dx', 'tn8houmc', 'rytalfyx', '8l5i1z27']
854	['bnhwbaqj', 'rwk954dx', 'dkfohub3', '0pptqw7o', 'lclxe7i9']
855	['wgpty5w3', 'dssikr5i', 'htitgh0v', '387spphe', 'k0f4cwig']
856	['1l4o9pko', '7esjlc7i', 'aakzdkcj', 'zqzs6vtf', 'qeqd4soe']
857	['pm3ck1gk', 'icejfmzr', 'wr4r7jd8', '1ul8owic', 'khymg0zr']
858	['fqk8rmiy', 'pbhvq1nh', 'ue58uvot', 'lvw0cnwj', 'k4lqkqnx']
859	['0extp6r3', 'o1eecluy', '2neevooh', 'ok9o9tta', 'v1egyqt4']
860	['lclxe7i9', '12yshnt5', '79xnx9gr', '9h4zzo5q', 'bh8zshy9']
861	['8iqs6jko', 'h2sza0if', 'mnjy6bq2', 'dxrltm25', '4r96f92d']
862	['k0eheo71', 'yc7cvbii', '4iubzi36', '8hkxbxz9', '3vrg7zyc']
863	['9h74xlvv', 'qh6rif48', 'vabb2f26', '4vq9ljlg', 'dq6iyabh']
864	['0l6ruql9', 'p5nte83n', 'sybr04qy', '79m3sdfe', 'jjh1z5c6']
865	['zuc538yd', 'ygn9oiir', '37ricask', '7e8zlt3t', 's7sq53zy']
866	['hzbtd39j', '2b2evno8', 'rjjc30lc', 'fe456in0', '7th2js19']
867	['e4xw6gyp', '47p4g80o', 'kt47i60w', 'mo3y3mau', 'y8puocsa']
868	['72s5lbz1', 'wbsl6n67', 'h0ex5siq', '7vsv726x', 's8oq2sj8']
869	['0ojzssli', 'k2f667sc', 'sm0112e3', 's01g5wxg', 'gk3wr6s1']
870	['ajzcx2rg', 'xuqkhpn7', '3jn7tdaj', 'ftq6ed38', 'y6zisciu']
871	['wdfzrzkt', 'foy3dsq4', '0furaib4', 'hw2s28hs', 'r1tl2hrk']
872	['r58aohnu', 'yrowv62k', 'f5twvg9g', 'ftq6ed38', 'txnegebz']
873	['dt2pew66', 'zycgczqy', 'qi1henyy', 'gtwg0m54', 'f96qs295']
874	['1vj9p7vm', '8gl323hs', 'yr27lnq8', 'wtb51big', '36flecmg']
875	['m5kf8stw', '80cbwj3o', '8f83k2ce', 'nqcorcud', '1ad18z11']
876	['umvrwgaw', 'w3ls1d7w', 'nom4z0tv', '9gn4jcu9', 'iu1d9i57']
877	['mmr04tsm', 'bvzi49hy', 'bh8zshy9', 't90pvtad', '2dixw8up']
878	['6a8j7hjt', 'e49rdu76', '2tax8ajw', 'tnejo5wc', 'di4p48ax']
879	['6a6tyvtz', '54fmvcl5', 'td8uwcas', 'l6lhmb4j', '0shy9q2l']
880	['k6cumncp', 'dwgxrbag', 'deezca5z', '5xk20hs5', 'hsm75cww']
881	['8iqs6jko', 'dxrltm25', 'h2sza0if', 'wn98fql3', '0clp6zt6']
882	['45y7jepy', 'k9mbmgvr', 'hfjil003', 'cmeiqnng', '6srmai2o']
883	['dgnddq80', 'f6nrqr1f', 'su41e4vo', 'mj3gdjxj', 'wmpjfc02']
884	['w1bx4a7v', 't0iw2vod', 'y43prnko', 'ropgq7tr', 'x9sfgtim']
885	['v6w9mlsa', '2jwuzfan', 'ihq8gdwj', 'q1mq5f2t', 'x14iywtr']
886	['ikacd7ls', 'sni1e160', '855atuue', 'kt47i60w', 'l72grjbg']
887	['pvrp8u8n', 'jk0ju2eb', 'k9erix1s', 'gpbcwdz0', 'ghabnnv0']
888	['gi21di4d', '09jbs6mx', '5ojyly05', 'ocxl6cf4', 'ct4licep']
889	['td8uwcas', 'b5eve7re', 'gufhaylj', 'kutc6ts0', 'lbkjxws4']
890	['lsojoa7c', 'delciztu', 'vuxxerob', 'nd859o5r', 'pxnyi2u1']
891	['wp3rwdum', '33znyrn8', '7j7u4sv3', 'fgj2lvbg', 'ljt9rn8z']
892	['1kubts7j', '6a6tyvtz', '25bdifv6', 'cfhu5246', '80cbwj3o']
893	['nvphu1fm', 'iez1j9jn', 'b8c309hj', 'xzn11n74', 'shfkl0bs']
894	['q9bwvh0t', 'mzekhyu0', 'ct4licep', 'psaq958v', '7a7oi5dt']
895	['j4pgpxoe', 'spohl5ey', 'cpc1yefj', 'ddwrvlc9', 'pmd78j61']
896	['4vkkaqhz', '5nr3j1ew', '5iudn4kq', 'v1cfaqyx', '6crputzl']
897	['bidvx8hy', 'vnyly6uy', 'sgwvid9l', '05lgp662', 'yrhb6ktc']
898	['dfl69g4f', 'f35cqkpf', '6kbdxhxv', '6o1h9uyl', 'eecwjrdc']
899	['i1icueuw', 'rcb943w2', 'ssdqobqb', 'dkfohub3', '54aruvbf']
900	['hitaptnp', '3r418rss', 'rhgl6vss', 'z9jqbliw', 'n5ogyxz7']
901	['byw8jsqv', 'eywnnzxe', 'v47publm', 'xigbp7vh', 'gha1wg4w']
902	['ocxl6cf4', 'psaq958v', 'aekhd3tb', '18b6ikq3', 'fypodr9a']
903	['4vzdk69c', '963hkkiy', 'zmkvs7e7', 'h4kc04w0', 'ku5klxq9']
904	['36flecmg', 'm847xdzk', '8gl323hs', 'y12veqre', 'yr27lnq8']
905	['yjsxen4d', 'pibg1iw7', '3da30lb2', '1h9ewx5j', '2cq5vpyd']
906	['yr27lnq8', 'ptnpgh3j', 'vrzl7h45', 'eyhtf6mv', '42wh36ge']
907	['sz5fr79q', '46no7uq8', 't4os33em', 'vuxxerob', 'b8ipstv2']
908	['6r1hy34r', 'ig84spvf', 'wx5zq7jt', 'urazxa6x', 'ybyk54ts']
909	['li8kvzdh', '53zopedx', '6hl6rtsh', 'i6o608fm', 'x14iywtr']
910	['hg0lyy93', 'nerxtetr', 'qhrwngde', 'fu61afkg', '5jl2whuu']
911	['rytzyf1j', 'pc04eb8e', 'me4v1qyr', '3jgm3uhs', '2ytec133']
912	['uohbxoeb', '5lzixulv', 's4xintwp', 'mo23hpe1', '8x3lqokw']
913	['qnuphz59', 'jwei2g97', 'jlnopr1j', 'rnq3k34m', 'hpr8rt9n']
914	['ii3di3dz', 'jpenhh92', '36flecmg', 'y12veqre', 'm847xdzk']
915	['ecobfbpg', 'osct0lj6', 'tzdgc3dw', 'pq75mafr', '8r6hln9b']
916	['4pgish5x', '32z7b3fp', 'mg8uyeuh', '8gh3q7p3', 'qowp861l']
917	['wt5qxe0j', 'cvbxv7h7', 'wslsqytj', 'edsrpgjo', 'akbq0ogs']
918	['sz5fr79q', '8hkxbxz9', '7xt894vr', 'nb27fn2z', 'w3fxltzw']
919	['fnedip6k', 'i513q4l4', 'n2wqalcu', 'mwaegtlx', '164yx77a']
920	['dz6nv7h1', 'n1cg1cba', 'iqq8kmn0', 'usi65ft4', '9p73l3rw']
921	['y349r3r6', 'hnx43l5c', 'c4ihkcyr', 'p576v9du', '0n07fow0']
922	['lorpo8uk', 'znpc5jq2', '8gh3q7p3', 'jv3u1c0e', 'qowp861l']
923	['9n7bkayx', 'mlo8zypy', '4hdj6mtf', 'maxbdi99', '1vyfy7i0']
924	['tu1vevx9', 'r5fdn7uz', 'y0wu60n4', '5q49qq42', 'e0a1t2ig']
925	['q1mq5f2t', 'td8uwcas', 'u7ao9dwx', 'np1y2fkt', 'xsk68m5f']
926	['bre2ijbb', '28fu4ptm', '8cvjsisw', '36amafub', 'kc3nb2pc']
927	['rcb943w2', 'dkfohub3', 'amw2c96l', 'rda2kmv1', 'ssdqobqb']
928	['7lhoq10e', 'tnejo5wc', '0vy5yifk', '9wnkmn27', '9ex61dl5']
929	['y6zisciu', 'wmocjiwh', 'gtp5daep', 'xee6npr3', 'jlqpwfwm']
930	['kyt14ufu', 'j95sfxn1', '6zu6qjcu', 'wslsqytj', 'v0y734lu']
931	['tnejo5wc', 'mdsjbfmx', '8rv94jeu', 'fiiyythk', 'rtp9j01c']
932	['0vhy44iq', 'yadb7gwj', 't0xn40r5', '1t1sykok', 'lme6vcqs']
933	['ywne437k', '64qt0w2a', 'suw0h7s3', 'b9jcuwu5', 'vf7xj5qt']
934	['ir20eiqr', 'km2uxj9p', 's4xintwp', 'z3o3ib2f', 'p42w7vjf']
935	['ajzcx2rg', 'b9jcuwu5', '1cvpw5hp', 'js91utss', 'v6qgjuas']
936	['ekgqdjlk', 'd0nacth6', 'oap7i5ea', '6wpyxcuy', 'm5siraig']
937	['z22g03v4', '8f83k2ce', 'sm0112e3', '5nsayxwc', 'wmpjfc02']
938	['1zbsbcdd', 'd3530i86', 'xchvlphf', '7tp8z7n8', 'rlr17nah']
939	['zqzs6vtf', 'lm73oj21', 'onlly1ga', 'fub50lvt', 'tq2vdo88']
940	['ba5h6uhu', 'gtp01rna', 'jrqlhjsm', '0o3wjvpx', '7tto4hr7']
941	['faj85qxc', '6i9yw83j', 'zkb1zbvq', 'mb18fj8a', 'a9lw6vrs']
942	['n5c0hcwn', '3cr97dii', 'qqbe2bop', 't1ughb9b', '1vd4j3qc']
943	['7fe2vdm7', 'ro3o27pv', 'jvog9dpj', 'sok0cyd3', 'cgxs9uam']
944	['nxu1xoax', 'onlly1ga', 'aakzdkcj', 'fien6nra', '1l4o9pko']
945	['0u4nmrq4', 'rckwiqgb', 'eauj21v4', '500ypv61', 'utak6i4e']
946	['xigbp7vh', '79xnx9gr', 'mcw3ir3a', 'psaq958v', 'bh8zshy9']
947	['a3efmczu', 't9e774ed', 'wp3rwdum', 'tr2139vg', 'ktymj1no']
948	['7qxs79qy', 'ez1l3m4o', '7f5nywod', 'd0tg9i90', '9y9s7tn3']
949	['35xqlryc', '5upb25gt', 'bck22z87', 'txnegebz', 'e0pbs354']
950	['ikon1ktb', 'gg5c8v7d', 'g2j4uqem', 'zvmwubuk', 'h4otzeah']
951	['xcsl2evz', 'x1uc10m5', 'mw0wb8a8', '69fmtury', 'g0cryapk']
952	['t4y1ylb3', '8l5i1z27', 'ruewzstg', 'tvhn7lnu', 'ckswlo9o']
953	['00ia8k0b', '5hxsagx6', 'rthsl7a9', 'jrqlhjsm', 'wfa5fb3r']
954	['gw9hkw00', 'ikacd7ls', 'cq5z8lqu', 'zrjvpoq0', 'oud5ioks']
955	['9b6cepf4', '5vodag6c', 'e4xw6gyp', 'y047cuxp', 'jjh1z5c6']
956	['5aev7ltr', 'rbgoabfk', 'lty6oq3d', 'x4zuv4jo', 'pxo11hwp']
957	['xavegbty', 'mt8h4rk5', 'fk62t9ym', 'xuiswu2l', 'xwghd9ut']
958	['mm2aotem', 'gha1wg4w', 'dksw5yzp', '7d6snq1v', '855atuue']
959	['hn6clwoj', 'a40yhtqk', 'uohbxoeb', '675v58x8', 'ooagjxp1']
960	['9kfs73sr', 'mqyu72nc', '18b6ikq3', '79xnx9gr', '353wr671']
961	['5xfgmi2n', '6cx33se3', 'r5552ql7', 't4os33em', 'sz5fr79q']
962	['t1ughb9b', 'mldwnz43', '7a7oi5dt', 'yx0u0iyw', 'urv9o2f1']
963	['qfq1nfcn', 'wcq3qqt4', 'lkb09vs8', 'jjh1z5c6', 'cg6v3yma']
964	['5detaogc', 'hsm75cww', 'go5tk6ni', 'lt1pstm2', 'jy20xtwx']
965	['nnkul2r2', 'g0za5fqi', '8s7zy55f', 'ekej22k3', 'wffv669t']
966	['x9veckdi', 'vymre7uv', 'bpu3hpbn', 'wotf0lzx', 'i88ccp9w']
967	['g36nudpa', 'k7sg7gzd', 'dpws8p4y', 'itx70h27', 'w74mx03c']
968	['xavegbty', 'hm332jqo', 'h2sryzwn', 'glpca9u0', 'xmgi40hg']
969	['jowowl0v', 'g63ed05i', 'adusu6pm', 'iyi2fwhf', 'qeqd4soe']
970	['aky3bja0', 'ej9qbrt8', '4gr6i8rf', '4hog76lx', '35xqlryc']
971	['08u566ia', 'psk1lnff', 'ihgxtu8g', '3c1fujrd', 'agvrw27o']
972	['atn333j9', 'iepagac8', 'lt1pstm2', 'trrg1mnw', 'z9csj1bh']
973	['3l6ipiwk', 'fiicxnty', 'qh6rif48', '5hhbdzam', 'mjvst2is']
974	['zbr3kfv2', 'rxx0w56j', '550ik6bk', '8rvhqd9b', 'xcs9podj']
975	['aj885nl0', 'jpby8m6r', 'hakz1lr3', 'm3m2n3fw', 'e0ulxpt7']
976	['kzkt3u1h', 'c7jhbxcb', 'flxbomsx', '4lk6gdc6', 'nok0yfzv']
977	['7qz1o6aa', 'i6mdlf36', 'lhx0it2z', 'dptapovm', 'ssmw2jef']
978	['8o2xddof', 'xnrb0byz', 'fub50lvt', 'aakzdkcj', 'lm73oj21']
979	['b5eve7re', 'kutc6ts0', 'ofgv3p8y', 'td8uwcas', '5zaw2iot']
980	['otp1atui', 'iimx8nt8', '8zm7n7j9', 'e9j4b00a', '1vj9p7vm']
981	['eyhtf6mv', 'm847xdzk', 'yr27lnq8', 'ujy4i5uu', 'n5ogyxz7']
982	['kayh0v56', 'dm6pznm2', 'gihjcu73', '5azti19e', 'nle4axad']
983	['pu12u627', 'gjtefdxb', '0clp6zt6', 'w2c01295', 'jjh1z5c6']
984	['5zhjn3u2', 'tvhn7lnu', 'ckswlo9o', 'ogchq8gz', '353wr671']
985	['yvdaljz9', 'l9lj98b1', '37gpov43', 'ai5dfdfk', 'vbnke2q5']
986	['y6reys3r', 'p7rpfsph', 'h4kc04w0', 'nhtrra8s', 'ezrarusj']
987	['tstx42h7', 'pvrp8u8n', 'w3fxltzw', 'x9zg7ulr', 'k9erix1s']
988	['w7gr98j9', '8p81kc9z', 'ii2fmi39', 'kfjgy6wl', 'g9btjkcn']
989	['9195zweg', '1peg3502', 'fpexa30s', '3a5965df', '05djnz4p']
990	['8acldtv2', '08bw0h8m', 'n1ysi7qc', 'wuazkwsi', 't023li1a']
991	['lwpvyy49', 'vz8eu3vc', 'mzekhyu0', '97msfh4l', 'utak6i4e']
992	['jcq5omdq', 'h400e0kk', 'bttme4wn', '3jyokb6c', 'd4p5r746']
993	['3p2cuxk0', 'uejtwgar', 'bqvn3ceq', '98t617oo', 'usr8hzcw']
994	['v49l6txn', '0clp6zt6', 'b88nilfd', '0mwz8kwo', '9gn4jcu9']
995	['qgzc1moh', 'pfc31r4o', 'b9uc5gpv', 's1qnjgev', 'trpbkat0']
996	['lclxe7i9', '12yshnt5', 'ocxl6cf4', 'bvzi49hy', 'qa1tbu6t']
997	['3cr97dii', 'pfh6nm9r', 'cabmmgg6', '4iuxm6z2', 'g0wujywh']
998	['jisznsr3', '41jqgsv0', 'tdlcb9bf', 'wmpjfc02', 'zu5mg2im']
999	['tloczjn5', '1t78tt1s', '52qpcg63', 'pcekcvwr', '3p2cuxk0']
1000	['yy8mbw1a', 'm41w2007', 'nuzt4jcf', '0ctlde8w', 'fsid4a39']
1001	['j8666ial', 'p40x3cxr', 'azb1x6cs', '6g4oclln', 'bpiiddi7']
1002	['ruewzstg', 'eywnnzxe', 'ckswlo9o', 'y349r3r6', 'c187k4yc']
1003	['55yxh5er', 'j1lhgciv', '914oafkn', 'ravcm60e', 'aqcllik0']
1004	['74o2xil2', '02bk8vtk', '2yka2luy', 'kvcx11yo', 'f15foaf2']
1005	['viubj28a', 'ulwirxeu', '4pfzwcjt', 'fvvotkjc', 'uztke3jt']
1006	['b4mjo92p', 'plzklj7c', 'v5beddu4', 'dluw0oiz', 'k36t200n']
1007	['1z1tces3', '56uzzrh8', 'eo1uz3g2', 'f0wpsaip', 'hezheq49']
1008	['5upb25gt', 'e7uvbra5', 'eflwztji', 'txnegebz', '35xqlryc']
1009	['r9yzx0pk', 'vp2t4xkn', 'oa81rhdb', '7obhnmah', 'v0y734lu']
1010	['su028g3j', 'noxt3ikd', 'uj5deryi', 'so6irh9b', 'jmu2cfnd']
1011	['2w80hys9', 'cv6no7nw', '24ie3mhq', '7klqhnr2', 'g4250q6l']
1012	['myqli11j', 'geo7ac5i', 'o7ww2prj', '0lsniwyv', 'lavcsqov']
1013	['9dlaaye8', 'x9veckdi', 'l7ekkgy6', 'enkjb39u', 'pmvaxas6']
1014	['w3gt0w41', '8f83k2ce', '5nyc1cn5', 'b3ui95vx', '4frv2vb7']
1015	['7x9jzge5', 'hc4zu9t5', 'edz3up3a', 'cfkh0ypy', 'z3ktkgyp']
1016	['5vodag6c', 'e63j8gci', '2bpyvgv7', '9b6cepf4', 'j7iis8h2']
1017	['gw9hkw00', 'mqyu72nc', '79xnx9gr', '09jbs6mx', 'ypmeh8y3']
1018	['25aj8rj5', 'uxz185vr', 'ny7wkswf', 'geo7ac5i', 'dogsza0f']
1019	['iali360u', 'acyexmyq', 'nvebqwwh', '93amoypt', 'vuzbni5m']
1020	['sz5fr79q', 'r5552ql7', '46no7uq8', '2fokjcjr', '5xfgmi2n']
1021	['ivy95jpw', 'roe6g61u', 'l97yi8l9', '2v6zigt8', '14alhxc3']
1022	['7ru6tapp', 'b4161ynv', '6ovv79ia', 'r1m709hb', 'rpjg4a9i']
1023	['soa71kwx', '6pn9jwfn', 'eu2vjpw9', 'vww8d1ew', 'vmmztj0a']
1024	['asrkuts7', 'bjycvoxw', 'qbp5nid8', '39nzvid1', 'egy8rgtl']
1025	['46r46ja3', 'ro3o27pv', 'npe81wc8', 'kq0cu73r', 'xxuctcyq']
1026	['yzn6jibu', 'nrl6jkpc', '3o5c0l24', 'l85fi3lf', 'f07go7nh']
1027	['b9nqcbf7', 'gtol0evh', 'e9xx6mhg', 'wtxhbzr9', '6ovv79ia']
1028	['ximw03ej', 'u8mu4yga', 'y43prnko', 'fj6l76hq', 'h7ftu3ax']
1029	['rfbihylo', 'c1k9ubbk', 's0374olh', 'kt1az1pf', 'g9pwxfd2']
1030	['5z0xwlxp', 'u8mu4yga', 'w1bx4a7v', 'qi1henyy', 'f96qs295']
1031	['405wbjmq', 'decc1sfs', '5hei9fac', 'ja3v0wua', 'p60xy2ki']
1032	['fx2ikn2t', 'fjzhe9tp', 'du58xx7k', '1bp33rmc', 'zx9wt8wi']
1033	['xhkjbeam', '7fapl71l', '630w2rtn', 'cqwvn9na', 'gtp5daep']
1034	['zc10b6j5', 'zueprmdz', 'pc2cnhjd', '5zn5mgi9', 'd3pxk5tr']
1035	['d8gx7xbj', '1h01ziqb', 'kyy53jru', 'jdsha5ol', '2aslzgdk']
1036	['vszlmtf4', 'xi17qo6z', 'q55l1chd', 'hpj8gb4o', 'tlr243il']
1037	['0loj2fsm', '6cttilm8', 'qowp861l', '8gh3q7p3', 'b77xif4i']
1038	['nvbt5gxl', 'lm73oj21', '9wnkmn27', 'onlly1ga', '1l4o9pko']
1039	['zpv5f8pr', 'dz6nv7h1', 'o9xdv4x0', 'phl4mmpt', 'n1cg1cba']
1040	['x4zcpr02', 'fduwznu7', 'a94at9dk', 'mttosjh7', 'iy1enazk']
1041	['4mat0psy', 'hnx213kp', 'eu2vjpw9', '1w3x0g42', 'ntxufeg5']
1042	['tstx42h7', '73oe5as9', '7j7u4sv3', 'o0m20894', '5ngg5hm4']
1043	['3rxis57m', 'xp2qkk52', 'v056i6g7', 'bb6lv6yg', 'hqapg5ow']
1044	['80cbwj3o', '25aj8rj5', '33znyrn8', '6fpw6y8t', '6j45mmjh']
1045	['pzqmg22v', 'e9j4b00a', 'm847xdzk', 'n5ogyxz7', 'yr27lnq8']
1046	['kl2w6yiv', 'g05z8cux', 'akdg2ljo', '50dmclk4', 's1ypdhzv']
1047	['v5beddu4', '9e6g15iw', 'l63d9lyd', 'plzklj7c', 'k36t200n']
1048	['jrqlhjsm', 'hg3xpej0', 'uxz185vr', '0rrhgz26', 'trrg1mnw']
1049	['fj6l76hq', 'ohkki0ke', 'gin90aef', 'y43prnko', 'hf79cbuq']
1050	['b2iit1ef', 'zkb1zbvq', 'ja6ydoed', 'rlvfk8w8', '46c98cvm']
1051	['cjmmwl2q', 'ovpfh7sh', 'ncayc5zj', 'qxxn1zf9', 'ledopkwj']
1052	['niw61l9r', 'qe8mxow7', 'qxqo23i9', 'x5k4sk9s', '6r1hy34r']
1053	['5azti19e', 'ttl1ozc6', 'byw8jsqv', 'wq92nfnd', 'grccu4kh']
1054	['9n7a9g78', 'ehqk1d63', 'gbpfypmn', '3r418rss', '5gldyo2d']
1055	['t0s5ufzv', '0qyhjutm', '1hobsclz', 'sdtr6yla', 'mbwo1m1o']
1056	['rhgl6vss', 'z9jqbliw', 'hitaptnp', 'bre2ijbb', 'k5jkntul']
1057	['qcssljgq', 'vbnke2q5', '7pbrnn2g', 'idg7c8wf', 'eipscagh']
1058	['r5v2gi3v', 'eywnnzxe', 'fypodr9a', '55gugbs8', 'byw8jsqv']
1059	['38d6gb7o', 'eje3i558', 'uuy94dwa', 'b31ctbat', 'e5flh0af']
1060	['4pcv1i3i', 'p5ceve0x', 'q8l3ra55', '0ojzssli', '1mz44ole']
1061	['7zngkwoh', '1vcc1khg', 'iylmvmv3', 'gin90aef', '9pb2eqoa']
1062	['su028g3j', '2tax8ajw', 'tzp03hmr', 'tf5a48i2', 'wt6azxc1']
1063	['keaxietu', 'ckx305ue', 'bdkr3s9t', 'bdxzphjb', 'kvcx11yo']
1064	['24u6q3ae', 'r1tl2hrk', 'j7vm8h9t', 'kr4sr1ae', 'foy3dsq4']
1065	['ffy19pp9', '2lanvyia', 'jdob76wp', 'cmp1bvhd', 'rthsl7a9']
1066	['0bczgiyy', 'uyy8zytj', '9wvlt53w', 'ipon95io', 'n9kf6jgk']
1067	['gk3wr6s1', '34ulkvl4', 'ra28885e', 'wxrv37ec', 'ktm0akxd']
1068	['xchvlphf', '9mact9br', '0si51n85', '08bw0h8m', 't023li1a']
1069	['wquu9zf7', 'dptapovm', 'kyt14ufu', 'q77tr31d', 'to9ixrwr']
1070	['fep6qm4d', 'ktjhr028', 'f4jx3b2q', 'a2voobqa', 'wn98fql3']
1071	['unhrmzn5', '7n6pva1l', 'dpws8p4y', 'g36nudpa', 'llqpfhwg']
1072	['q4q06pzc', 'lf9i6x2i', '4bw26042', 'ce1a9k8b', 'xi20pdvy']
1073	['8qdcls1k', '353wr671', 'ogchq8gz', 'tvhn7lnu', '47p4g80o']
1074	['k2qertx2', '34b511wf', 'rw5bci0y', '8oi7ptfj', 'pxhetma5']
1075	['aclcbxkd', 'n2ih64pz', 'sncz4jkc', 'pfbgojxr', 'kjr6dcqv']
1076	['1v8xf5uy', 'hsm75cww', '5xk20hs5', 'o4vvlmr4', 'sz072p5o']
1077	['25aj8rj5', 'jbs3d5xo', 'dwgxrbag', 'awm7dj9o', 'geo7ac5i']
1078	['abjt5vfd', '8a8eheip', 'h85c49cv', 'qxtcbksp', 'awb1stsr']
1079	['nz5r48y1', '5azti19e', 'f5twvg9g', 'dm6pznm2', '3jn7tdaj']
1080	['cn0hqvsz', 'x7qlnugx', 'is9a77dk', 'ogchq8gz', 'cv5th7hd']
1081	['z18owc90', 'rob84q03', 'omk29wlq', '22b3rl2s', 'vtagfrds']
1082	['w9zyshzb', 'kmwfce00', 'j95sfxn1', 'car394ou', '6zu6qjcu']
1083	['33znyrn8', 'cymppa7g', 'bk3ss63e', 's1h3p5s9', 'ge8o93rh']
1084	['9wkqqm4z', 'fynl88p5', 'zdxg7bnc', 'fuvyeq3k', 'ef4wyw2f']
1085	['lt1pstm2', 't5sgguxr', '5xk20hs5', '6r1hy34r', 'bpu3hpbn']
1086	['54fmvcl5', 'm2id6kxw', 'mo3y3mau', '6zjzy0ft', 'fa05sovj']
1087	['7a7oi5dt', 't1ughb9b', 'ocxl6cf4', 'ju87prqm', '9ok153yl']
1088	['ce1a9k8b', 'n1ht2eb1', 'es8l29ub', 'wqtemjy3', 'pa000mr8']
1089	['vbayngh0', '38d6gb7o', 'b31ctbat', 'cj7tcpsz', 'myeiu66g']
1090	['7kxi7px1', 'gunn55f9', 'unx1pv2k', 'ndn6iwre', 'a66sszp2']
1091	['xof56j98', 't97pdl4u', 'cyfdvgvy', 'km2uxj9p', '5rkxs2w3']
1092	['0imnd2q5', '5g70w76j', 'w1bx4a7v', 'g1zce6p9', '0mwz8kwo']
1093	['a7eabvvo', '2hbcbvt6', 's01g5wxg', '8f83k2ce', '6buxpp8x']
1094	['f5ehif2w', 'ks0zkp57', 'h87bv6gd', 'faue5ywu', 'bb3l8apn']
1095	['jisznsr3', '5o9bbspc', 'z22g03v4', '0oxo2awm', 'zu5mg2im']
1096	['mxg2q1vd', 'qlejjw9s', 'dksw5yzp', 'jlnc3u6q', '9cds5g5u']
1097	['9gn4jcu9', 'ordof7g5', '5z0xwlxp', 'nv1w6juh', 'm2z6k2va']
1098	['f4jx3b2q', '80yu5aiv', 'a2voobqa', 'e63j8gci', 'lr20prun']
1099	['aqke0012', 'kl2w6yiv', '0vy5yifk', '98t617oo', 'wcmxmahq']
1100	['4gof1yl8', 'xnrb0byz', 'dt8h6a0v', 'nvbt5gxl', '186wyg7t']
1101	['h9nzxlaf', 'bh8zshy9', 'svl5ks44', 'gha1wg4w', 'k6cumncp']
1102	['f96qs295', 'y43prnko', '8je46886', 'umvrwgaw', 'w2c01295']
1103	['km2uxj9p', 'x7ybnese', 'bre2ijbb', '446p4tbc', 'cyfdvgvy']
1104	['sgo76prc', 'f3mvdpq1', '35nshnn2', 'mlrq0rjf', '7b570emm']
1105	['j0sr3ifq', 'niqka1hh', 'lbxg93hl', '90323yzn', 'm39qdgey']
1106	['5b9jytph', '844229sb', 'qsyqnwn5', 'gb1sk22m', '5z0xwlxp']
1107	['6r1hy34r', 'jk0ju2eb', 'dbxufi3m', 't5sgguxr', '2arx86a6']
1108	['td8uwcas', '54fmvcl5', 'm2id6kxw', 'fa05sovj', '6zjzy0ft']
1109	['kc3nb2pc', 'fs5100nn', '8g70j0qw', 'ikon1ktb', '5ckds66x']
1110	['2sp8nm0i', '81pr5etw', 'ansf1j7u', '5reb2q82', '6mpxu6r0']
1111	['9hpkmjvu', 'f96qs295', 'xtmn1n0r', '2bpyvgv7', 'x9sfgtim']
1112	['hqkrer9m', 'y12veqre', '36flecmg', 'lrgmyfjs', 'h13dq0x4']
1113	['ag18sokf', 'toixg0hy', 'qgzc1moh', 'obccuv08', 'eoumpu50']
1114	['mxg2q1vd', '8i9xwogu', 'ogdqq3dl', 'xpwfoal7', 'icz0wnfb']
1115	['2iupb6gj', 'j8d47de9', 'xld7ztx5', 'imte5ong', 'jghu52qi']
1116	['xmjj1s5s', 'xbqbwh9j', 'v77n1vbf', '8so80bf9', '12yshnt5']
1117	['8yg1d3ft', '5zp3p2g3', 'lfqi7jsa', 'tstx42h7', 'mcw3ir3a']
1118	['6r1hy34r', '376x58k1', '6uli512b', 'gtp5daep', 'clzxo1ly']
1119	['p3dex2to', 'zvngy7zz', '89n52jny', 'wr4r7jd8', '08bw0h8m']
1120	['ny7wkswf', 'uxz185vr', 'klh90lvp', '1adt71pk', 'cnfpsbuk']
1121	['ce9jujij', '1fgnfh62', '2ejg2ngh', 'pi1yzeqg', '2v6zigt8']
1122	['8f83k2ce', 'z22g03v4', 'isxasd9b', '41jqgsv0', '95zrth5d']
1123	['08bw0h8m', '8r6hln9b', 'u7ao9dwx', 'hm332jqo', 'ahpkmffy']
1124	['ji3s6rnu', 'jvood8ur', '5r0ubg5g', 'wd13eb5s', '82afil03']
1125	['yr27lnq8', 'm847xdzk', 'e9j4b00a', '95zrth5d', 'pzqmg22v']
1126	['geo7ac5i', 'wbsl6n67', '1ik8lrid', 'vh3qs9xv', 't2gxkxxd']
1127	['gjustwrb', 'dfpmbtqk', '7bhue8w5', 'xxtgzo5e', '9exmyy5a']
1128	['cpc1yefj', '1hlqov6m', 'q4m2uj6r', 'gha1wg4w', '8drlvdkp']
1129	['gcecgi3n', 'gvaslwh9', '6g7eeyjd', 'k7sg7gzd', 'ryj83uw3']
1130	['pz3e9y4i', 'fhc1qf8d', 'e4y6l4lx', 'hpcqbohs', 's8oq2sj8']
1131	['gjtefdxb', '8hchfgx6', 'xtmn1n0r', 'm2z6k2va', 'v49l6txn']
1132	['hiw576og', '56rn6d6o', 'c59vfq1o', '1y1ik2u9', 'olhgu24h']
1133	['bw6a5gmy', '24u6q3ae', 'cfkh0ypy', '8l5i1z27', '25jq098w']
1134	['5azti19e', 'iucrorzh', 'grccu4kh', 'lldu8qv9', '33znyrn8']
1135	['lclxe7i9', '12yshnt5', 'rcb943w2', 'kff7ho04', 'qa1tbu6t']
1136	['rjelshrp', 'bgiyvqgw', 'ep9moftg', 'fgab2fu3', 'tlknj4hm']
1137	['ouno4jpl', '6e444g2z', 'bw6a5gmy', 'fdkt6moe', 'hw2s28hs']
1138	['7ld7hyaw', '2w6p6jji', '8ncc6d2n', 'dsz66r4u', 'ny7wkswf']
1139	['cf3l8uzq', 'n119a7fx', 'g3hujz5o', 'lht6lhry', 'fo4ax1od']
1140	['lmzkseiz', 'noale9n1', 'vx1hjh26', 'dgcawqyk', 'ch7nna59']
1141	['2e2s1gof', 'tstx42h7', 'p6k449j5', '4haf8aaw', '944pn0k9']
1142	['hjuftxwg', 'jvgq2p61', 'wgfdd3lm', 'a4klrp3h', '4hdj6mtf']
1143	['n6ro088v', 'fsid4a39', '6r1hy34r', '7j7u4sv3', '7xt894vr']
1144	['71c9w51t', '6j45mmjh', 'o4vvlmr4', 'geo7ac5i', 'gtp5daep']
1145	['xui25c83', 'su028g3j', 'q7vv128t', 'dljqpvyk', 'sr9qxnu2']
1146	['n1ysi7qc', '4p6fcy8f', 'l9lni5d3', 'be4afbyo', '9169o29b']
1147	['8f83k2ce', 'cokx24kf', 'a3lk2q02', 'x6m7yq65', 'cmc02ybp']
1148	['y7lrp0gc', 'wmpjfc02', 'isxasd9b', 'et1ekgdl', 'a7eabvvo']
1149	['onlly1ga', '9wnkmn27', 'lm73oj21', '1l4o9pko', 'd21lvneh']
1150	['79sbtnhu', '46no7uq8', '9s98t4h7', 'b0g8y96j', 'cb3u1s7s']
1151	['nz976qc6', '186wyg7t', '28lojtvu', 'lm73oj21', '1l4o9pko']
1152	['7zngkwoh', 'iylmvmv3', 'upiu3e2d', 'fj6l76hq', '7zdi0y2s']
1153	['dlao3plx', 'v7ckvxjp', 'ag6lu4em', '90323yzn', 'hqjphv5g']
1154	['mt8h4rk5', '944pn0k9', '2146o727', '4haf8aaw', 'hnx213kp']
1155	['usyduiti', 'ximw03ej', '9gn4jcu9', 'wn98fql3', 'w1bx4a7v']
1156	['5zhjn3u2', 'moxjaxuy', 'nhkd88yv', 'gvaslwh9', 'ypls4zau']
1157	['su028g3j', 'dljqpvyk', 'mcw3ir3a', 'u99omznb', '54aruvbf']
1158	['2fokjcjr', '3yi44xfe', '7j7u4sv3', 'qgzc1moh', 'ukca8cqw']
1159	['hb2lieh3', 'ypqusgs3', 'a3i3t6od', '3lfmmfp2', '8lnjbxe5']
1160	['jqueo6zg', '0z7ey1nm', 'ir20eiqr', 'bre2ijbb', 'dblqryhy']
1161	['vnijpl9l', '5z0xwlxp', 'zue5hnal', 'dngs5tbw', '5g70w76j']
1162	['36flecmg', 'fcdwitxy', 'gk3wr6s1', 'e0pz0z4j', 'y12veqre']
1163	['5z0xwlxp', 'y43prnko', '1s8jzzwg', 'm2z6k2va', 'uyb0of5p']
1164	['4888p05u', '1tamgmzm', 'wigakw9h', 'tx2dwo04', '00ugdhvf']
1165	['q7pieq3w', 'zdfx3zo3', 'pvrp8u8n', 'q1mq5f2t', 'mgtxchud']
1166	['2dixw8up', 'pfvf8ujb', 'qa1tbu6t', 'vmizkujc', '81rxs247']
1167	['8p0xdqba', 'a9prti0f', '3cr97dii', 'uliopaz0', '08mfxvql']
1168	['b4yj7vw0', '7hvbbq15', 'pq75mafr', '8r8586br', 'q6j7vy8u']
1169	['xchvlphf', 'myqli11j', 'mt8h4rk5', 'b9evh1l2', '7z7zxcm2']
1170	['h0spcvjl', '8s7ixxvk', 'n2wqalcu', '39zvwm0s', 'k7b8wj56']
1171	['2damkjcs', 'ff6amr0c', 'skm4qtgx', 'r4j1rcm5', 'v1egyqt4']
1172	['8ncc6d2n', 'imte5ong', 'ny7wkswf', 'rtus1qyw', '7ld7hyaw']
1173	['8pislcjr', 'znwa2kig', 'i9leac6w', 'glyoiu93', 'c2mpraux']
1174	['ktjhr028', 'iu1d9i57', 'wn98fql3', 'eay6qfhz', 'umvrwgaw']
1175	['64qt0w2a', 'y6zisciu', 'pvrp8u8n', 'yv5nepnc', 'hsm75cww']
1176	['9wvlt53w', '9bvetodx', 'qy4gsvac', 'elj952zc', 'rw5bci0y']
1177	['g2j4uqem', 'jfuwelzt', '9hzbi2yi', '408m4t00', 'ksqxfx8m']
1178	['jfjxujwj', 'b6bl0xrc', 'lda1tyuh', 'hbvwm62l', 'njpq3sq2']
1179	['asrkuts7', '903pyh9v', '02bk8vtk', 'oxa5gcxj', '39nzvid1']
1180	['ii3di3dz', 'jpenhh92', '5053t5ki', 's82tyeis', 'fynl88p5']
1181	['y4m987yn', 'r4fd5vp6', 'ztxfa5b8', 'xj65j05e', 'ptd57hee']
1182	['1ma4hp52', '3jgm3uhs', 'y5wkv42k', 'glpca9u0', 'bsypo08l']
1183	['bns5eb1t', 'jdo7afuh', 'cd5m77rd', '22q7tngp', '12yshnt5']
1184	['oud5ioks', '8ljnxihr', 'mjb3ip7a', 'ooagjxp1', 'jtgpzrf9']
1185	['jgcv1wf3', 't9hbbqay', 'ihler8r0', 'l72grjbg', 'uuxo3jk9']
1186	['flxbomsx', '52lcpf0x', 'fnojlsnj', 'ea78sjcs', '7j7u4sv3']
1187	['a0q61mpi', '844229sb', 'mkgszhkk', 'kc3nb2pc', 'ultl3rpu']
1188	['c4m63cr3', 'a3fvifax', 'rcp6xlpg', 'edz3up3a', 'p2cbfzmp']
1189	['solieify', 'mjjjciff', 'ynaxwnlp', 'atn333j9', '56uzzrh8']
1190	['lm73oj21', '407va85q', 'onlly1ga', 'fien6nra', '7esjlc7i']
1191	['u8mu4yga', 'h7ftu3ax', 'f96qs295', 'jjh1z5c6', 'w1bx4a7v']
1192	['dnm7s947', 'fe14iohb', 'w036x5gr', 'hzvqg674', 'dzkf7c7l']
1193	['4iuxm6z2', 'q54el8tf', 'jfvq2gfx', '7t7ho26v', 'ej9qbrt8']
1194	['usyduiti', 'wn98fql3', 'ximw03ej', 'v49l6txn', '9gn4jcu9']
1195	['9enbrd6h', '5tpkcd5z', 'n2wqalcu', '8xf8u6bg', 'atji1xge']
1196	['36zu137v', '5gldyo2d', '9n7a9g78', 'ovel2jln', 'ocguwlam']
1197	['8l5i1z27', 'z8ajje2l', 'irhizn0b', '2tax8ajw', 'tzp03hmr']
1198	['w04z2f0q', 'n4ildbuc', 'y1nrc138', '5tdmh0ac', '3zmq7nd5']
1199	['b4hl6fnw', 'ihgxtu8g', 'hgpiig0g', 'fe72aj3a', 'jk0ju2eb']
1200	['wslsqytj', 'kyt14ufu', '7fua7kgs', 'zq4ty9rw', 'wgfdd3lm']
1201	['3oetrhdh', 'b1w9ns78', 'jmdrupds', 'vda9s8lj', '9p73l3rw']
1202	['ki93iltt', 'l3k9bb5m', '0loj2fsm', '2un9aggj', 'jmzjfwxi']
1203	['4sq7t6hg', 'o78vcy90', '7n6pva1l', 'wv2gzahy', 'z1onkz6u']
1204	['089b1z4b', 'n2ih64pz', 'uliopaz0', 'x9lxyrgw', '1mu1o8rj']
1205	['jk37ej4c', 'nwb7qf9l', 'fz14yjvm', '5zn5mgi9', 'd3pxk5tr']
1206	['3u3i5myh', 't4y1ylb3', '9qo95a1c', 'li5cw8xx', 'a0dvzhc8']
1207	['xui25c83', 'ruewzstg', '8l5i1z27', 'tzp03hmr', 'sr9qxnu2']
1208	['1omv4r30', 'khkw1hhv', 'bl96upg3', '59xux3di', '80cbwj3o']
1209	['z4ibcgea', '2cv0vuin', '4war4rud', 'wg5cfp0k', '8mx0p1sh']
1210	['4ag4oune', 'f8ah4lzx', '0jm3j3vc', '42wh36ge', 'hpj8gb4o']
1211	['zyrvgaql', '7097q0r1', 'r1m709hb', 'uqeikj0m', '6msw06fb']
1212	['mlo8zypy', 'maxbdi99', '9n7bkayx', '4hdj6mtf', '1vyfy7i0']
1213	['itvjhlnn', 'v2gsp5ui', 'y8i60bm3', 'sqxdwu6j', 'dql5n9k7']
1214	['08mfxvql', '4ylt5rhg', 'vmizkujc', '11xjl53c', 'k7b8wj56']
1215	['4wi9lln9', 'gr3tnp3c', 'u8t64wmg', 'd0r09lj8', 'rpxw3a01']
1216	['dq3qunwe', '95e1kuux', '1r9975o8', '2bupc5jh', 'dztaijzu']
1217	['ajzcx2rg', 't9hbbqay', 'wuojo19n', 'y6zisciu', 'gtp5daep']
1218	['o4ri7t16', 'emsf4i9c', '2hfkrl8m', 'x208624q', 'xo7q4dqr']
1219	['0n51j2jo', 'r0taoqsw', 'ncayc5zj', 'dm6pznm2', 'vrs88dcy']
1220	['0ctlde8w', 'szekvw7e', '509h7pnh', 'a9lw6vrs', 'cgqihd1j']
1221	['gjustwrb', '0zun27k4', 'bw6a5gmy', '6e444g2z', 'z3ktkgyp']
1222	['1uabldiq', 'hapw6lv9', '4iuxm6z2', 'f4x16qyh', 'os0sslxc']
1223	['1nk1t5qs', '2yka2luy', '7k8nlea3', 'dfhxcqr8', 'i9nchww2']
1224	['ut1k8xe7', '6kbdxhxv', 'dfl69g4f', '9rrlfnww', '99ln2zzs']
1225	['1a7ugd24', 'cgxs9uam', 'unx1pv2k', 'mj9xc5fv', 'mfop9fne']
1226	['b9uc5gpv', '3jrb0sn8', 'qfq1nfcn', '555e3ndo', 'fu61afkg']
1227	['hgg33kwz', 'zdfslfmb', '606oxq14', 'fcb8egak', '1diftm9p']
1228	['qeqd4soe', '9wnkmn27', 'ax3e82js', '1l4o9pko', '7esjlc7i']
1229	['2qwk2z22', 'sm0112e3', 'u31ixcwa', '16ff3c7m', '0oxo2awm']
1230	['9pb2eqoa', 'wn98fql3', 'mnjy6bq2', '4eak8e8l', 'x9sfgtim']
1231	['lclxe7i9', 'bvzi49hy', '0n07fow0', 'ocxl6cf4', '79xnx9gr']
1232	['f3j0g82b', 'vpoqfm7d', 'xokujzbl', 'st3fyb64', '18b6ikq3']
1233	['aakzdkcj', 'nxu1xoax', '1l4o9pko', '0qy6hcgp', '9wnkmn27']
1234	['sfm82h0g', 'o78vcy90', '0furaib4', '8xf8u6bg', 'foy3dsq4']
1235	['sz5fr79q', 'u7ao9dwx', 'l00jvzth', 'kfbrar54', 'clzxo1ly']
1236	['7vadpp3d', 'auiod44t', '1pg77f6t', 'nbn44sxq', 'u8ptvem7']
1237	['hf79cbuq', 'sxi0tpsf', 'fj6l76hq', 'w2c01295', 'gin90aef']
1238	['ok9o9tta', '0extp6r3', '4bta1y3u', 'v1egyqt4', 'krtqq8uo']
1239	['fteydbm8', 'dlwwcryb', 'lm2qoahq', 'b3doorzq', 'ajzcx2rg']
1240	['6fmc5mbs', 'm79zl7ka', 'cutwvq3b', 'r5eve0bl', 'y6reys3r']
1241	['q4m2uj6r', '5dbuxvc4', 'car394ou', '414dyokn', 'p6uliadr']
1242	['u89jd28e', '6a6tyvtz', '4vtad2ve', 'k2zrdjyo', 'pq3n18ae']
1243	['8vx56qlk', 'in69fhw9', 'rcrok8lr', 'oi8epg9m', 'xqpsdc8u']
1244	['wubcq0xx', '11d18w9y', '855atuue', 'hp62t734', 'ebgu29uh']
1245	['hfk8nikl', 'dcli6uaq', 'ujy4i5uu', 'evuixig8', 'vj6sw2ne']
1246	['wdfzrzkt', 'foy3dsq4', 'ob5bs4wr', '8s7ixxvk', 'r1tl2hrk']
1247	['wigakw9h', 'pofysmv8', 'u99omznb', 'hunepli1', '6crputzl']
1248	['0r580il2', 'r76tqrwz', '9wnkmn27', 'm0598zrc', '7esjlc7i']
1249	['5xfgmi2n', '6cx33se3', 'r5552ql7', 't4os33em', 'ot04th3v']
1250	['ximw03ej', 'umvrwgaw', '844229sb', 'u8mu4yga', 'itxde5mw']
1251	['w3zbf5k4', 'brt4zrhe', 'emg87q94', 'kk47kxwf', 'w3fxltzw']
1252	['k9xhphpl', '80dfqjql', 'gwaqh4dd', '56rn6d6o', 'ewg9d4ei']
1253	['763v4duh', 'jjh1z5c6', 'uyb0of5p', '4uieqidm', 'e63j8gci']
1254	['7lli72ph', 'rc6cza9r', 'bran54ku', '6klc2uep', 'r1tp27z8']
1255	['c9sidpy9', '9wvlt53w', 'ipon95io', 'vxv7pq8v', 'on6ss822']
1256	['9wnkmn27', 'aakzdkcj', 'onlly1ga', '1l4o9pko', 'hcw0cisk']
1257	['13kzv4b2', '9jfclm9c', '1ke7wisc', 'h4kc04w0', 'k4lqkqnx']
1258	['s7wykoze', '2hfkrl8m', '1m093f8d', '6ulvk9hv', '0rftk787']
1259	['gdbr8zwr', 'ikacd7ls', 'ywi0a8s1', '68d30i8k', '35fnrje0']
1260	['5azti19e', '7fapl71l', 'kk47kxwf', '6hehg1yf', 'qfq1nfcn']
1261	['ogchq8gz', '353wr671', 'hunepli1', '79xnx9gr', 'p6k449j5']
1262	['ohfi48d6', 'obccuv08', 'fg9cy17k', 'clrlg58a', 'efm6zj9r']
1263	['ooagjxp1', '3wo90f5u', '5t16srpn', '0y4f1sgn', 's4xintwp']
1264	['yfpioqi5', '0bjl60gl', '37ricask', '0vjxc1bm', 'm7q1roay']
1265	['v14gqr6q', 'msxp1qkx', '25aj8rj5', 'io8mozoe', 'vjvyjblu']
1266	['gg2swy7i', 'e1macqqm', '9oui0l6v', 'zuz2992q', '6hoi1u8p']
1267	['psaq958v', 'bh8zshy9', 'vp2t4xkn', 'stn5gl2b', 'eo89w6qp']
1268	['szekvw7e', 'kb3xi0fk', 'yosjlefy', '0phf73r6', 'lz8b60ew']
1269	['eu2vjpw9', 'hnx213kp', 'a242g5kg', 'li8kvzdh', '5t4twnpm']
1270	['td8uwcas', 'eywnnzxe', 'cucrqa16', 'q1mq5f2t', 'byw8jsqv']
1271	['3jgm3uhs', 'geo7ac5i', 'bsypo08l', 'j67qgjbj', 'rvygtpvb']
1272	['xmd8fh95', 'rcrok8lr', 'jgcv1wf3', 'in69fhw9', '9kfs73sr']
1273	['r1tl2hrk', 't0pnlikx', 'ltga2btq', 'eml8uilb', '6e444g2z']
1274	['wa5rxe76', 'y9kkl2lf', '18b6ikq3', 'xokujzbl', '5nr3j1ew']
1275	['x7ffgtrd', 'be4afbyo', 'jgq968f6', '1y1ik2u9', 'aawjla6h']
1276	['q8l3ra55', 'p0jht22m', 't1vom8f3', '36flecmg', 'y12veqre']
1277	['eo89w6qp', '1peg3502', 'lbd6hn57', 'fpexa30s', '5kz2s7ag']
1278	['szxz9jve', 'mm2aotem', '5gorynd2', '0oxo2awm', 'z3o3ib2f']
1279	['lz8b60ew', '9cds5g5u', 'h9nzxlaf', 'ruewzstg', 's2e56ety']
1280	['pgasbdpp', 'ogrlupbx', '784gmskn', 'd4eae8g3', 'l69kwh48']
1281	['uk6whrhz', 'x6sdpk6v', '0illlel7', '3p2cuxk0', '3ubithu4']
1282	['gg5c8v7d', 'dx2cx9lx', 'zvmwubuk', '0a1m1niu', 'k30wvnx8']
1283	['8gl323hs', 'gk3wr6s1', 'et1ekgdl', '41jqgsv0', '0ojzssli']
1284	['qjfe2t9v', 'eu1gbga9', 'hltkddac', 'jl9dcpui', 'idlk9itu']
1285	['jd3np9n4', 'ehszmbnc', 'hi4a02kw', 'ijoyk390', '05i5j6js']
1286	['53joafkg', 'lm2qoahq', 'zwil22bs', 'qeubhfbc', 'zjur5j95']
1287	['4yi9iup2', '76aij6sx', '9exmyy5a', '1h01ziqb', 'yadb7gwj']
1288	['kjr6dcqv', '089b1z4b', 'g0cgjlok', 'n2ih64pz', 'qw2ct68h']
1289	['ua7hsfma', '8dgahmka', 'adv2siu3', 'w3fxltzw', '0l6ruql9']
1290	['ct4licep', 'oi8epg9m', 'rwk954dx', 'uuojkhn3', 'o3cr0xvm']
1291	['gkf3wez8', '10dkpj5h', '3xvphg52', 'z9csj1bh', 'rrvj5sc1']
1292	['e4xw6gyp', 'pz3e9y4i', '7xt894vr', '5g70w76j', 'brt4zrhe']
1293	['6r1hy34r', 'jk0ju2eb', 'ok9o9tta', 'k6cumncp', '376x58k1']
1294	['d2s3170w', '8m59whf9', 'uo3ww8j4', 'qfrabyp7', '828eqxla']
1295	['dmlyd50n', 'k80bu4fs', 'c82i3u0j', 'zweyxxg2', '7auhiq44']
1296	['zq9ehv7a', 'gqwwfpch', 'vdgu6h0a', 'ykxr9q1j', 'od5nnxvg']
1297	['ereh4ub8', '3jrb0sn8', 'xnrp2tpd', 'y047cuxp', 'ut1lltad']
1298	['55gugbs8', 'byw8jsqv', 'r5v2gi3v', '29z4q4fs', 'wr6qa1vr']
1299	['hkk23tqt', 'z92xqedn', 'i1rzeir6', '1h9ewx5j', 'kyy53jru']
1300	['q58dzxwc', 'jswlq6wp', 'xj65j05e', 'vmizkujc', 'rckwiqgb']
1301	['bfcz49t9', 'dxrltm25', 'mnjy6bq2', '8iqs6jko', 'xpwv8xlv']
1302	['m2id6kxw', '6mzqk12f', 'fa05sovj', '6zjzy0ft', '1992wisb']
1303	['4c7ug40v', 'aqcllik0', 'yj25zkx6', 'h00mbgsq', 'j1lhgciv']
1304	['h5fvf5ja', '5o0ihd3f', 'qp8jxcdl', '2tan64hc', 'rsrupgx4']
1305	['c9cenvt4', 'vqlnd5rx', 'hc4zu9t5', 'eo89w6qp', '3tfof5nd']
1306	['h7ftu3ax', 'ximw03ej', 'fj6l76hq', 'w1bx4a7v', 'vvmb92wo']
1307	['z68tl88x', '86qczmbt', 'belhjr5e', 'gh6bizzh', 'pvw9t7zd']
1308	['sfr2nsmi', '57qk34fx', 's0ux3xzk', 'f2det6w2', '08h4198w']
1309	['is9a77dk', 'nli8ccyv', 'h5b7mncf', 'wfa5fb3r', 'ny7wkswf']
1310	['9n7bkayx', 'mlo8zypy', 'maxbdi99', '4hdj6mtf', 'ypls4zau']
1311	['w5rk8luy', 'aodb3j1y', 'p9c3g251', 'oh5wm5qc', '1tamgmzm']
1312	['jisznsr3', 'xshqu7qm', '8gl323hs', '3jnhboif', '195h4ofw']
1313	['plzklj7c', '9e6g15iw', '6t92yhti', 'cwdtyr1v', '1475ms9x']
1314	['5q49qq42', 'tafg1xoo', 'mo4luyx6', 'dlpgq0rm', 's6sp3rme']
1315	['cnz7jlw4', 'f0kcf2y0', 'mz1bof2x', 'evuixig8', 'd8vo0ncl']
1316	['bvzi49hy', 'v47publm', '9kfs73sr', 'ogchq8gz', '1992wisb']
1317	['v5beddu4', '9ixpj162', 'b4mjo92p', 'yqx0xqz9', 'cd7cfpx3']
1318	['l97yi8l9', 'fub50lvt', '186wyg7t', 'lm73oj21', 'nz976qc6']
1319	['h7ftu3ax', 'fj6l76hq', 'y43prnko', 'w2c01295', '3h80bn0k']
1320	['ssdqobqb', 'dkfohub3', 'mqyu72nc', 'xee6npr3', 'd9b814yp']
1321	['zweyxxg2', 'vx9vqr1k', 'j1lhgciv', 'fiiyythk', '3ubithu4']
1322	['mdx41yqn', 'brt4zrhe', 'geo7ac5i', 'k6cumncp', 'fytashvs']
1323	['x7ffgtrd', '307rt03e', '9rxv6fy9', '9v6f2274', '56spbdvd']
1324	['bgiyvqgw', 'myqm6xwx', 'pyz2tnhk', 'ep9moftg', 'wszd7pq4']
1325	['5t4twnpm', 'a242g5kg', 'elj952zc', 'eebsywlz', 'i5j4nmjz']
1326	['p3clfah1', '7w0e546g', '3o7rd8pt', 'tweqie5k', '4kfl29ul']
1327	['dgnddq80', 'p699a0g2', 'y7lrp0gc', 'lgnhlxgd', 'gg2swy7i']
1328	['3jgm3uhs', 'bsypo08l', '0chuwvg6', 'tk7eturq', 'f6j1yhvp']
1329	['fsid4a39', 'whkfvd7l', 'u0lvjlbs', 'gvihovvq', 'hyx95otb']
1330	['lty6oq3d', 'bv7hvc1e', '0oq0xmzr', '26kx1b0h', 'qgwu9fsk']
1331	['kl2w6yiv', '0vy5yifk', 'g05z8cux', 'wcmxmahq', 'nok0yfzv']
1332	['mkgszhkk', 'fj6l76hq', '1zuhilmu', 't0iw2vod', 'w1bx4a7v']
1333	['36flecmg', 'y12veqre', 'yr27lnq8', '2hbcbvt6', 'pzqmg22v']
1334	['jc5ik84m', 'tq8jpmin', 'lz8b60ew', '1ha9cubv', 'ynaxwnlp']
1335	['qlng0zvn', 'on1y4mdw', '07xpz3qg', '43uwgep5', 'mjtrwbhs']
1336	['6x8xp62f', '8pdlynuo', 'ovel2jln', 'neqeedtr', 'ja3v0wua']
1337	['rp9opdmd', 'qeqd4soe', 'roe6g61u', 'onlly1ga', 'nxu1xoax']
1338	['0njeeoc3', 'r5fdn7uz', 'k21ltg5z', '5q49qq42', 'cdltu9vs']
1339	['1cvpw5hp', 'adv2siu3', '8gogju5n', 'fnojlsnj', 'v34r4tix']
1340	['m5pe8kr4', 'f0kcf2y0', 'pindjvhk', 'vww8d1ew', 'hhswage4']
1341	['43joavrl', 'wq0mebm4', '6yio5mjl', 'd9egxof5', 'spohl5ey']
1342	['ocxl6cf4', 'ub7ilx98', 'v47publm', 't1ughb9b', '7a7oi5dt']
1343	['ntxufeg5', 'b1vlaly1', '42wcyjuk', 'xuqkhpn7', 'ckx305ue']
1344	['wcq3qqt4', '0mwz8kwo', '1s8jzzwg', '2bpyvgv7', 'f4jx3b2q']
1345	['zecuhkcd', 'wtenvb27', '9ljou3ag', 'zmkvs7e7', '8g70j0qw']
1346	['mqk72say', 'ivxvry3u', '8gl323hs', '8f83k2ce', 'xjrhd6ee']
1347	['leg5ntvu', 'uuxo3jk9', '855atuue', 'ihler8r0', '2rcngljf']
1348	['f96qs295', '1vcc1khg', '5z0xwlxp', 'x9sfgtim', 'ropgq7tr']
1349	['s19w1p2i', 'be4afbyo', 'zc10b6j5', 'ykxr9q1j', 'bwmpamea']
1350	['tnejo5wc', '7auhiq44', 'lh82rl24', 'yb6lmv1a', 'efox6z5q']
1351	['mkgszhkk', 'fj6l76hq', 'w1bx4a7v', 't0iw2vod', '844229sb']
1352	['aqcllik0', 'yj25zkx6', '2w68g7cv', 'bbs7zocu', 'tnejo5wc']
1353	['4d6az41t', 'b9nqcbf7', 'vda9s8lj', 'hzvqg674', 'pf2wsny3']
1354	['sywxrxmf', 'iu5ndsxn', '2v6zigt8', '14alhxc3', 's0ca1r5s']
1355	['ax3e82js', '0r580il2', 'xnrb0byz', 'aakzdkcj', 'fien6nra']
1356	['407va85q', '186wyg7t', 'r76tqrwz', 'd21lvneh', '9wnkmn27']
1357	['607lsqlg', 'd3pxk5tr', 'be4afbyo', 'ai60maqz', 'h6dsjkvz']
1358	['itxde5mw', 'dt2pew66', 'ordof7g5', 'zl4ixyg1', 'zycgczqy']
1359	['wtovv1jy', 'pvrp8u8n', 'e4xw6gyp', '46no7uq8', 'fteydbm8']
1360	['mo4luyx6', 'dlpgq0rm', 'go0tueah', 'r5fdn7uz', '5q49qq42']
1361	['5azti19e', 'v6qgjuas', '29z4q4fs', '7j7u4sv3', '4vkkaqhz']
1362	['8hchfgx6', 'b88nilfd', 'v49l6txn', '9gn4jcu9', 'ygvg9jfe']
1363	['bcraqemn', '9zrcdurq', 'xi20pdvy', 'cvxni7cd', 'cs2mgj70']
1364	['2r0a357c', '8ko2lc1b', 'w3zbf5k4', '46no7uq8', 'ntxufeg5']
1365	['5bl4h80v', 'xcduaqje', 'ud8cz3sp', '8rgpr2lo', 'p37dnoj8']
1366	['8ihlm3fw', 'qa6afon7', 'n7oankiq', 'm3m2n3fw', 'g4ve91g5']
1367	['uohbxoeb', 'te0v91nr', 'oud5ioks', 'zdfx3zo3', 'a40yhtqk']
1368	['ibnudp1x', '7q2jd0mf', 'ion9fkpg', 'dvu4mpl1', 'xmd8fh95']
1369	['1t1sykok', 'qijo070w', '21lbbcxy', 'pvrp8u8n', 'jo38hjqa']
1370	['wgfdd3lm', 'zq4ty9rw', 'kyt14ufu', 'dptapovm', 'zjpxfd7c']
1371	['c84lpxrn', 'pu12u627', 'xuqkhpn7', 'brt4zrhe', 'toj6eqs2']
1372	['0illlel7', '3p2cuxk0', '296lr317', 'gtp5daep', 'usr8hzcw']
1373	['hunepli1', '47p4g80o', 'ebgu29uh', 'd9b814yp', '2z01f31n']
1374	['gjtefdxb', 'w3ls1d7w', 'f96qs295', 'pppb83nc', 'm2z6k2va']
1375	['jnwuu08w', '47p4g80o', 'o3cr0xvm', '1992wisb', 'fa05sovj']
1376	['uw0rrel5', 'bdlhd5i1', 'gjk8kc8g', '37hn7u3f', 'qexarxjl']
1377	['xtnyad3j', 'j46bet38', '3yi44xfe', 'm6eotnko', '5vodag6c']
1378	['gk3wr6s1', '34ulkvl4', 'sruhwd8j', 'ra28885e', '79m3sdfe']
1379	['y1ob8tcq', 'focpnnks', 'uc316ncl', 'g05z8cux', 'd02grfth']
1380	['sywxrxmf', 'qeqd4soe', 'roe6g61u', 'oqhmvpjm', '2v6zigt8']
1381	['apfimvix', 'pvrp8u8n', 'y6zisciu', 'tstx42h7', 'ajzcx2rg']
1382	['f96qs295', '1s8jzzwg', 'rpwmcqbg', 'yrowv62k', 'nom4z0tv']
1383	['focpnnks', 'y1ob8tcq', 'n3swuykg', 'getnq0ek', 'gvn2v6rt']
1384	['8gl323hs', 'n0zppf8v', 'lgtpeqhw', '8s7zy55f', 'zvmwubuk']
1385	['0j4z4ez7', 'ayd59zpj', 'dayqtzfq', 'rsrupgx4', 'wl7odjo2']
1386	['fj6l76hq', 'gin90aef', '9pb2eqoa', 'ropgq7tr', 'x9sfgtim']
1387	['104lecie', 't8jlihgm', 'te0v91nr', '9n7a9g78', 'btao9cun']
1388	['9oxajwkk', '64ugdvfe', 'q9qtteqs', 'hsm75cww', 'wigakw9h']
1389	['xgfk6txz', '0vjxc1bm', 'j3b964oz', 'km0yzqqq', '033phqmd']
1390	['vw9jd88a', 'sy8sloqo', 'kk47kxwf', 'tyhwtt7j', 'w3fxltzw']
1391	['te0v91nr', 'mdx41yqn', 'o5k6mqid', 'czbhddnm', 'hdk02l2r']
1392	['unx1pv2k', 'cgxs9uam', 'e8mk04uf', 'ti8hnjgc', 'mfop9fne']
1393	['urazxa6x', 'dg4rfgbw', 'j8dtmy7k', 'zli3t1wx', 'e7d6sezr']
1394	['n5ogyxz7', 'pzqmg22v', 'y12veqre', 'iz74o9de', 'ktjfs3s7']
1395	['y349r3r6', '9h4zzo5q', 'o9mq3auf', '1k0qpuys', 'ct4licep']
1396	['bpnqz1cn', 'dvpqkmnh', 'duwr9b5b', 'dpt7sh4h', 'qbhw96wv']
1397	['in69fhw9', 'q9bwvh0t', 'mmr04tsm', 'xqpsdc8u', 'gi21di4d']
1398	['21lbbcxy', 'ajzcx2rg', 'i6qoo03c', 'e4y6l4lx', '79m3sdfe']
1399	['2j11uxmx', 'x73moqog', '5jlohhmv', '4hdj6mtf', 'vllhupzp']
1400	['zj0yxy2z', '5vp2r2bd', '0r12f0h3', 'cwreauh8', 'hii4smax']
1401	['nxu1xoax', 's0ca1r5s', '5ax78ysz', 'fub50lvt', 'ivy95jpw']
1402	['dzkf7c7l', 'v3n2r4ia', 'nzy970he', '6zfpcm4j', 'lae18d0l']
1403	['zpxnr9s9', 'o4vvlmr4', 'hdk02l2r', '5351oj7i', 'sz072p5o']
1404	['dksw5yzp', '0zjpvzof', 'pfbgojxr', '5ojyly05', 'qlejjw9s']
1405	['u31ixcwa', '16ff3c7m', 'zu5mg2im', '5o9bbspc', 'xshqu7qm']
1406	['ucmzbezx', 'zecuhkcd', 'wtovv1jy', '9ljou3ag', 'ikjfv4oh']
1407	['xeb14weg', '4socpj73', 'cjfn4dna', 'b6lbuvlh', 'f2ypnls4']
1408	['erdcvj30', 'uv5jctnd', 'egy8rgtl', 'lstwxv4k', 'di7hfghi']
1409	['rwovxw7a', 'lgtpeqhw', '4kfbs7j4', 'waujy98e', '8nk7pplh']
1410	['kp4j9snc', 'hltkddac', 'qjfe2t9v', '2mtuw7gb', 'lcqxrcji']
1411	['71x3b75z', '7ld7hyaw', 'oz047qmf', 'pa1dt9zt', 'gtbegs4r']
1412	['cgc0v1dg', '095g2l66', '0zun27k4', '6e444g2z', 'cfkh0ypy']
1413	['8gl323hs', 'yr27lnq8', 'kupt3km8', 'n5ogyxz7', 'wxrv37ec']
1414	['njgbom98', 'iff8cuum', 'pc04eb8e', '7kxi7px1', 'w45ih46q']
1415	['ybpev0vi', 'crqqrtj9', '8v7h87yc', '43fwrlk5', 'rjelshrp']
1416	['ocl5qf9o', '8rvhqd9b', '25aj8rj5', '28fu4ptm', '2jdlavwj']
1417	['uyb0of5p', 'jjh1z5c6', 'f96qs295', 'y43prnko', 'pu12u627']
1418	['trmwm9qq', 'sygm6irl', '1ov3eydq', '3m9yonqe', 'dqhdws5k']
1419	['tf5a48i2', 'bvzi49hy', 't4y1ylb3', 'ogchq8gz', 'ruewzstg']
1420	['y6jw3gws', 'xykncac7', '0shy9q2l', 'e8mk04uf', '4bbngq0z']
1421	['sz5fr79q', '6ffz2va2', '46no7uq8', 'nh4dw75x', 'r5552ql7']
1422	['509h7pnh', '7k8nlea3', '3o7rd8pt', 'vkbsxz7r', 'dfhxcqr8']
1423	['ljt9rn8z', '0cji7tzq', '5053t5ki', '3o7rd8pt', '6k0nhmg9']
1424	['vrs88dcy', 'qxxn1zf9', 'wcq3qqt4', 'iu4p5k0w', '0n51j2jo']
1425	['wp3rwdum', 'g3ny530a', 'opogstc5', 'ljt9rn8z', '0rrhgz26']
1426	['3p2cuxk0', '0illlel7', 'uejtwgar', 'g05z8cux', 'cfe6rb1x']
1427	['m72i8vtq', 'eumvomou', 'etriddkx', 'ksqxfx8m', 'alt4j58b']
1428	['9p73l3rw', 'flvz7qni', 'pf2wsny3', '33cmymur', 'frxriw9v']
1429	['irx4pcsx', '9jfclm9c', 'v5beddu4', 'tvg6q8cw', 'ef3qmfxk']
1430	['ielatiaq', 'i6qoo03c', 't5sgguxr', 'i57f9ayv', 'e62t4wrn']
1431	['x73moqog', '24wfokhg', '9f0bjknz', 'fdkt6moe', 'tvhn7lnu']
1432	['ximw03ej', 'jjh1z5c6', '9pb2eqoa', '4eak8e8l', 'f96qs295']
1433	['urk8aa5b', '9n0sy82w', 'zb7ge4b8', 'jdsha5ol', 'kyy53jru']
1434	['1s8jzzwg', 'h7ftu3ax', '0mwz8kwo', '844229sb', 'l8zfuhzk']
1435	['hp62t734', 'ebgu29uh', 'c3a85ld0', '7d6snq1v', 'lclxe7i9']
1436	['23n5r8qj', 'tij7lakb', 'urj0nssb', 'zsygn29p', 'dti9o5x3']
1437	['edsrpgjo', 'i1icueuw', 'akbq0ogs', '1uabldiq', 'hay91kuq']
1438	['lgtpeqhw', 'n5qfwl57', 'iqe6sdq2', 'yn9qcwvq', '43wbbris']
1439	['6a6tyvtz', 'tpswy2g5', 'lfqi7jsa', 'xxtgzo5e', '75cnqi4v']
1440	['vpih1wvs', 'qj1v04cf', '9s63qogv', '1xycng32', '8of3u2sc']
1441	['ydv0hc0m', 'cd5m77rd', 'lyewg2c9', '4ghn6zbd', 'tunbld3v']
1442	['ohyvuybc', 'x64zft78', 'hxyn84jt', 'kshzsz6n', 'e7ntocgf']
1443	['32ut5vr7', 'ce1a9k8b', '7klqhnr2', 'xi20pdvy', 'dmqk247e']
1444	['y8o5j2be', 'ftq6ed38', '4gr6i8rf', 'aky3bja0', '5azti19e']
1445	['leg5ntvu', 'jveh2w09', 'o1xsjx2p', 'bnhwbaqj', 'ihler8r0']
1446	['8f83k2ce', 'z22g03v4', 'gk3wr6s1', '95zrth5d', 'q8l3ra55']